Transaction date,Transaction ID,Merchant name,Payment ref ID / Check No,Description,Debit amount,Credit amount,Balance
2024-06-01,TXN100000,Rent,,Monthly rent,227.67,0.0,9772.33
2024-06-01,TXN100001,Costco,,Online supplies,350.56,0.0,9421.77
2024-06-02,TXN100002,Payroll,REF-4918NL,Payroll,97.3,0.0,9324.47
2024-06-03,TXN100003,PepsiCo,,Beverage restock,0.0,414.17,9738.64
2024-06-03,TXN100004,Chase Bank,,Service fee,0.0,1327.62,11066.26
2024-06-03,TXN100005,Coca-Cola,,Beverage restock,0.0,882.09,11948.35
2024-06-04,TXN100006,Amazon,,Online supplies,0.0,549.59,12497.94
2024-06-04,TXN100007,Kitchen Depot,,Equipment purchase,34.23,0.0,12463.71
2024-06-05,TXN100008,Chase Bank,,Service fee,0.0,523.3,12987.01
2024-06-05,TXN100009,Utilities Co.,,Utilities,0.0,1407.67,14394.68
2024-06-05,TXN100010,Local Butcher,,Food inventory,0.0,507.86,14902.54
2024-06-06,TXN100011,Gordon Food Service,,Beverage restock,0.0,1444.5,16347.04
2024-06-06,TXN100012,Kitchen Depot,,Equipment purchase,0.0,872.01,17219.05
2024-06-06,TXN100013,Local Butcher,,Food inventory,0.0,1095.45,18314.5
2024-06-07,TXN100014,Walmart,REF-0538Ei,Online supplies,384.03,0.0,17930.47
2024-06-07,TXN100015,Gordon Food Service,,Beverage restock,0.0,815.28,18745.75
2024-06-08,TXN100016,Stripe,,Customer payment,0.0,814.36,19560.11
2024-06-08,TXN100017,Sysco,,Food inventory,299.45,0.0,19260.66
2024-06-08,TXN100018,US Foods,,Food inventory,0.0,926.63,20187.29
2024-06-08,TXN100019,Local Farm Co-op,,Food inventory,0.0,838.34,21025.63
2024-06-09,TXN100020,US Foods,,Beverage restock,0.0,339.53,21365.16
2024-06-10,TXN100021,Sysco,,Beverage restock,438.27,0.0,20926.89
2024-06-10,TXN100022,Rent,,Monthly rent,0.0,560.7,21487.59
2024-06-10,TXN100023,Sysco,,Food inventory,0.0,1013.73,22501.32
2024-06-11,TXN100024,Local Farm Co-op,,Food inventory,215.78,0.0,22285.54
2024-06-11,TXN100025,Utilities Co.,,Utilities,0.0,505.79,22791.33
2024-06-12,TXN100026,Local Farm Co-op,,Food inventory,0.0,1555.48,24346.81
2024-06-12,TXN100027,Sysco,,Food inventory,0.0,1091.66,25438.47
2024-06-12,TXN100028,Stripe,,Customer payment,0.0,1123.05,26561.52
2024-06-12,TXN100029,Chase Bank,,Service fee,257.14,0.0,26304.38
2024-06-12,TXN100030,Walmart,,Food inventory,0.0,1046.67,27351.05
2024-06-12,TXN100031,Local Farm Co-op,,Beverage restock,336.66,0.0,27014.39
2024-06-13,TXN100032,Sysco,REF-0258Bi,Beverage restock,397.08,0.0,26617.31
2024-06-13,TXN100033,US Foods,REF-1659er,Food inventory,209.82,0.0,26407.49
2024-06-14,TXN100034,US Foods,REF-9923NK,Food inventory,207.77,0.0,26199.72
2024-06-14,TXN100035,Kitchen Depot,,Equipment purchase,264.86,0.0,25934.86
2024-06-14,TXN100036,US Foods,,Food inventory,0.0,1225.92,27160.78
2024-06-14,TXN100037,Local Farm Co-op,,Food inventory,0.0,977.97,28138.75
2024-06-14,TXN100038,Payroll,,Payroll,0.0,1474.02,29612.77
2024-06-15,TXN100039,Payroll,,Payroll,0.0,438.51,30051.28
2024-06-16,TXN100040,Chase Bank,,Service fee,0.0,1593.01,31644.29
2024-06-16,TXN100041,US Foods,,Beverage restock,286.83,0.0,31357.46
2024-06-17,TXN100042,PepsiCo,,Beverage restock,0.0,697.61,32055.07
2024-06-17,TXN100043,Utilities Co.,,Utilities,0.0,1538.64,33593.71
2024-06-17,TXN100044,Kitchen Depot,,Maintenance,0.0,431.77,34025.48
2024-06-18,TXN100045,Local Butcher,,Food inventory,0.0,1299.34,35324.82
2024-06-18,TXN100046,Coca-Cola,,Beverage restock,0.0,601.33,35926.15
2024-06-18,TXN100047,Utilities Co.,,Utilities,0.0,1071.51,36997.66
2024-06-19,TXN100048,Local Farm Co-op,REF-8510QM,Beverage restock,114.87,0.0,36882.79
2024-06-19,TXN100049,Walmart,,Online supplies,0.0,1308.46,38191.25
2024-06-19,TXN100050,Amazon,,Equipment purchase,0.0,1173.91,39365.16
2024-06-19,TXN100051,Local Farm Co-op,,Food inventory,0.0,1501.19,40866.35
2024-06-19,TXN100052,Coca-Cola,,Beverage restock,0.0,822.76,41689.11
2024-06-20,TXN100053,Gordon Food Service,,Beverage restock,0.0,1550.82,43239.93
2024-06-20,TXN100054,Payroll,,Payroll,0.0,1352.21,44592.14
2024-06-20,TXN100055,Payroll,,Payroll,0.0,1312.59,45904.73
2024-06-20,TXN100056,Payroll,,Payroll,0.0,786.96,46691.69
2024-06-21,TXN100057,PepsiCo,,Beverage restock,0.0,422.07,47113.76
2024-06-21,TXN100058,PepsiCo,,Beverage restock,0.0,505.48,47619.24
2024-06-22,TXN100059,Costco,,Online supplies,0.0,1418.39,49037.63
2024-06-22,TXN100060,Utilities Co.,,Utilities,128.65,0.0,48908.98
2024-06-22,TXN100061,Gordon Food Service,REF-9623Re,Beverage restock,445.78,0.0,48463.2
2024-06-23,TXN100062,Local Butcher,,Meat purchase,0.0,499.39,48962.59
2024-06-25,TXN100063,Local Butcher,,Food inventory,385.05,0.0,48577.54
2024-06-25,TXN100064,Walmart,,Food inventory,0.0,1463.04,50040.58
2024-06-25,TXN100065,Costco,,Online supplies,0.0,861.52,50902.1
2024-06-25,TXN100066,Coca-Cola,,Beverage restock,225.13,0.0,50676.97
2024-06-26,TXN100067,Bakery Supply Co.,,Baking supplies,0.0,311.37,50988.34
2024-06-26,TXN100068,Chase Bank,,Banking fee,0.0,1262.32,52250.66
2024-06-26,TXN100069,Amazon,,Equipment purchase,0.0,940.24,53190.9
2024-06-27,TXN100070,Payroll,,Payroll,0.0,1102.82,54293.72
2024-06-27,TXN100071,Chase Bank,REF-9105wD,Service fee,147.01,0.0,54146.71
2024-06-27,TXN100072,Stripe,,Customer payment,0.0,371.17,54517.88
2024-06-28,TXN100073,Amazon,,Online supplies,46.81,0.0,54471.07
2024-06-28,TXN100074,Amazon,,Online supplies,0.0,665.4,55136.47
2024-06-28,TXN100075,Payroll,,Payroll,190.98,0.0,54945.49
2024-06-29,TXN100076,Walmart,REF-2211tY,Food inventory,178.93,0.0,54766.56
2024-06-29,TXN100077,PepsiCo,,Beverage restock,76.36,0.0,54690.2
2024-06-29,TXN100078,Payroll,REF-7780oo,Payroll,73.05,0.0,54617.15
2024-06-29,TXN100079,Amazon,,Online supplies,0.0,898.17,55515.32
2024-06-29,TXN100080,US Foods,,Beverage restock,220.11,0.0,55295.21
2024-06-29,TXN100081,Walmart,,Food inventory,25.84,0.0,55269.37
2024-06-29,TXN100082,Rent,,Monthly rent,0.0,477.43,55746.8
2024-06-29,TXN100083,Sysco,REF-5623cc,Beverage restock,460.22,0.0,55286.58
2024-06-30,TXN100084,Payroll,,Payroll,0.0,1002.06,56288.64
2024-06-30,TXN100085,Kitchen Depot,,Maintenance,0.0,362.33,56650.97
2024-06-30,TXN100086,Bakery Supply Co.,,Baking supplies,0.0,1314.51,57965.48
2024-06-30,TXN100087,Stripe,,Customer payment,0.0,1135.42,59100.9
2024-06-30,TXN100088,Chase Bank,,Banking fee,0.0,1184.4,60285.3
2024-07-01,TXN100089,Gordon Food Service,,Beverage restock,0.0,621.28,60906.58
2024-07-01,TXN100090,Sysco,,Beverage restock,225.24,0.0,60681.34
2024-07-01,TXN100091,Chase Bank,,Banking fee,0.0,604.96,61286.3
2024-07-01,TXN100092,Bakery Supply Co.,,Baking supplies,0.0,1031.39,62317.69
2024-07-01,TXN100093,Costco,,Food inventory,313.01,0.0,62004.68
2024-07-02,TXN100094,Utilities Co.,,Utilities,0.0,749.65,62754.33
2024-07-02,TXN100095,PepsiCo,,Beverage restock,0.0,876.05,63630.38
2024-07-02,TXN100096,Local Farm Co-op,,Beverage restock,0.0,983.65,64614.03
2024-07-02,TXN100097,Sysco,REF-7727zT,Beverage restock,339.82,0.0,64274.21
2024-07-03,TXN100098,Rent,,Monthly rent,0.0,1494.06,65768.27
2024-07-04,TXN100099,US Foods,,Food inventory,377.58,0.0,65390.69
2024-07-04,TXN100100,Costco,,Online supplies,0.0,1509.13,66899.82
2024-07-05,TXN100101,US Foods,,Food inventory,0.0,1057.02,67956.84
2024-07-05,TXN100102,Chase Bank,,Banking fee,0.0,928.71,68885.55
2024-07-05,TXN100103,Gordon Food Service,REF-0939vV,Beverage restock,414.04,0.0,68471.51
2024-07-07,TXN100104,Gordon Food Service,,Food inventory,0.0,1049.09,69520.6
2024-07-07,TXN100105,Payroll,,Payroll,454.24,0.0,69066.36
2024-07-07,TXN100106,Walmart,REF-6718UZ,Food inventory,313.43,0.0,68752.93
2024-07-07,TXN100107,Kitchen Depot,,Maintenance,0.0,922.28,69675.21
2024-07-07,TXN100108,Kitchen Depot,,Maintenance,266.74,0.0,69408.47
2024-07-08,TXN100109,PepsiCo,REF-7368uw,Beverage restock,248.38,0.0,69160.09
2024-07-10,TXN100110,US Foods,,Beverage restock,474.21,0.0,68685.88
2024-07-10,TXN100111,US Foods,,Beverage restock,0.0,450.92,69136.8
2024-07-10,TXN100112,Costco,,Online supplies,0.0,840.13,69976.93
2024-07-10,TXN100113,Payroll,,Payroll,213.9,0.0,69763.03
2024-07-11,TXN100114,Local Butcher,REF-8690zl,Meat purchase,413.65,0.0,69349.38
2024-07-11,TXN100115,Costco,,Online supplies,0.0,487.83,69837.21
2024-07-11,TXN100116,Stripe,,Customer payment,0.0,769.15,70606.36
2024-07-11,TXN100117,Local Farm Co-op,,Food inventory,0.0,1414.6,72020.96
2024-07-11,TXN100118,Local Butcher,REF-4246Rv,Meat purchase,448.6,0.0,71572.36
2024-07-13,TXN100119,PepsiCo,,Beverage restock,392.92,0.0,71179.44
2024-07-13,TXN100120,US Foods,,Beverage restock,0.0,819.35,71998.79
2024-07-13,TXN100121,Kitchen Depot,,Maintenance,0.0,1387.33,73386.12
2024-07-14,TXN100122,Local Butcher,,Food inventory,0.0,454.65,73840.77
2024-07-14,TXN100123,Local Farm Co-op,,Food inventory,40.84,0.0,73799.93
2024-07-14,TXN100124,Bakery Supply Co.,,Food inventory,0.0,307.82,74107.75
2024-07-14,TXN100125,Amazon,,Equipment purchase,0.0,1546.13,75653.88
2024-07-15,TXN100126,Square,,Customer payment,0.0,755.49,76409.37
2024-07-15,TXN100127,Bakery Supply Co.,REF-9765hc,Baking supplies,320.84,0.0,76088.53
2024-07-16,TXN100128,Coca-Cola,,Beverage restock,0.0,912.51,77001.04
2024-07-16,TXN100129,Stripe,,POS sale,0.0,1445.82,78446.86
2024-07-16,TXN100130,Chase Bank,,Banking fee,0.0,995.02,79441.88
2024-07-16,TXN100131,Kitchen Depot,,Maintenance,0.0,641.06,80082.94
2024-07-16,TXN100132,Local Farm Co-op,,Beverage restock,0.0,544.66,80627.6
2024-07-17,TXN100133,Sysco,REF-9125bp,Food inventory,476.22,0.0,80151.38
2024-07-17,TXN100134,Coca-Cola,,Beverage restock,0.0,1143.82,81295.2
2024-07-17,TXN100135,Rent,REF-5999vh,Monthly rent,222.42,0.0,81072.78
2024-07-18,TXN100136,Costco,,Online supplies,303.71,0.0,80769.07
2024-07-18,TXN100137,Coca-Cola,REF-3502eY,Beverage restock,405.31,0.0,80363.76
2024-07-18,TXN100138,Bakery Supply Co.,,Baking supplies,0.0,345.14,80708.9
2024-07-19,TXN100139,Rent,,Monthly rent,0.0,1135.18,81844.08
2024-07-19,TXN100140,Local Butcher,,Meat purchase,0.0,631.72,82475.8
2024-07-19,TXN100141,Rent,,Monthly rent,0.0,825.65,83301.45
2024-07-19,TXN100142,PepsiCo,REF-7960kw,Beverage restock,221.42,0.0,83080.03
2024-07-19,TXN100143,Kitchen Depot,,Maintenance,0.0,844.28,83924.31
2024-07-19,TXN100144,Sysco,,Food inventory,0.0,977.99,84902.3
2024-07-20,TXN100145,Utilities Co.,REF-4281iO,Utilities,244.33,0.0,84657.97
2024-07-20,TXN100146,Kitchen Depot,,Equipment purchase,0.0,914.64,85572.61
2024-07-21,TXN100147,Costco,,Online supplies,0.0,1476.11,87048.72
2024-07-21,TXN100148,Gordon Food Service,,Beverage restock,0.0,734.69,87783.41
2024-07-22,TXN100149,Costco,,Food inventory,0.0,366.45,88149.86
2024-07-22,TXN100150,Coca-Cola,,Beverage restock,427.6,0.0,87722.26
2024-07-22,TXN100151,Costco,,Online supplies,0.0,969.81,88692.07
2024-07-23,TXN100152,Chase Bank,,Banking fee,0.0,520.36,89212.43
2024-07-23,TXN100153,Sysco,,Beverage restock,0.0,344.07,89556.5
2024-07-23,TXN100154,Payroll,,Payroll,0.0,1242.52,90799.02
2024-07-24,TXN100155,Chase Bank,,Banking fee,55.11,0.0,90743.91
2024-07-25,TXN100156,Local Farm Co-op,,Beverage restock,0.0,870.14,91614.05
2024-07-25,TXN100157,Walmart,,Food inventory,357.75,0.0,91256.3
2024-07-25,TXN100158,Local Farm Co-op,,Beverage restock,0.0,889.61,92145.91
2024-07-25,TXN100159,Bakery Supply Co.,,Baking supplies,0.0,598.01,92743.92
2024-07-25,TXN100160,Gordon Food Service,,Beverage restock,54.93,0.0,92688.99
2024-07-26,TXN100161,Utilities Co.,,Utilities,0.0,1237.32,93926.31
2024-07-26,TXN100162,Chase Bank,,Service fee,0.0,540.3,94466.61
2024-07-26,TXN100163,Local Farm Co-op,,Beverage restock,0.0,520.79,94987.4
2024-07-26,TXN100164,Local Butcher,,Food inventory,0.0,928.88,95916.28
2024-07-26,TXN100165,Amazon,,Equipment purchase,0.0,765.03,96681.31
2024-07-27,TXN100166,Payroll,,Payroll,0.0,963.08,97644.39
2024-07-28,TXN100167,Costco,,Online supplies,0.0,1559.05,99203.44
2024-07-28,TXN100168,Payroll,,Payroll,0.0,666.08,99869.52
2024-07-28,TXN100169,US Foods,,Beverage restock,0.0,648.13,100517.65
2024-07-28,TXN100170,Stripe,,Customer payment,0.0,1412.53,101930.18
2024-07-28,TXN100171,PepsiCo,,Beverage restock,0.0,958.76,102888.94
2024-07-30,TXN100172,Chase Bank,,Banking fee,0.0,697.47,103586.41
2024-07-30,TXN100173,Kitchen Depot,,Equipment purchase,0.0,600.34,104186.75
2024-07-30,TXN100174,Stripe,,POS sale,0.0,617.12,104803.87
2024-07-31,TXN100175,Coca-Cola,REF-5295Xk,Beverage restock,472.17,0.0,104331.7
2024-07-31,TXN100176,Kitchen Depot,,Equipment purchase,0.0,528.06,104859.76
2024-08-01,TXN100177,Utilities Co.,REF-4445gT,Utilities,408.53,0.0,104451.23
2024-08-01,TXN100178,Local Farm Co-op,,Food inventory,0.0,1348.93,105800.16
2024-08-01,TXN100179,Kitchen Depot,,Equipment purchase,465.82,0.0,105334.34
2024-08-02,TXN100180,Bakery Supply Co.,,Baking supplies,338.69,0.0,104995.65
2024-08-03,TXN100181,Kitchen Depot,,Equipment purchase,0.0,1573.17,106568.82
2024-08-03,TXN100182,Costco,,Food inventory,0.0,1477.44,108046.26
2024-08-04,TXN100183,Bakery Supply Co.,,Food inventory,0.0,1189.98,109236.24
2024-08-04,TXN100184,Gordon Food Service,,Food inventory,0.0,455.83,109692.07
2024-08-04,TXN100185,Utilities Co.,,Utilities,0.0,424.98,110117.05
2024-08-04,TXN100186,Amazon,,Equipment purchase,266.77,0.0,109850.28
2024-08-05,TXN100187,Gordon Food Service,,Beverage restock,143.58,0.0,109706.7
2024-08-05,TXN100188,Gordon Food Service,,Food inventory,0.0,1227.37,110934.07
2024-08-06,TXN100189,US Foods,,Food inventory,0.0,1367.54,112301.61
2024-08-06,TXN100190,Walmart,,Food inventory,0.0,1410.49,113712.1
2024-08-06,TXN100191,US Foods,,Beverage restock,0.0,397.37,114109.47
2024-08-07,TXN100192,Chase Bank,,Service fee,0.0,939.08,115048.55
2024-08-07,TXN100193,US Foods,,Food inventory,0.0,464.51,115513.06
2024-08-07,TXN100194,PepsiCo,REF-4546Um,Beverage restock,197.15,0.0,115315.91
2024-08-07,TXN100195,Rent,REF-1426rV,Monthly rent,295.52,0.0,115020.39
2024-08-07,TXN100196,Payroll,,Payroll,0.0,347.75,115368.14
2024-08-08,TXN100197,Amazon,,Online supplies,0.0,717.27,116085.41
2024-08-08,TXN100198,Local Farm Co-op,,Beverage restock,0.0,824.23,116909.64
2024-08-08,TXN100199,Local Farm Co-op,,Beverage restock,0.0,1489.41,118399.05
2024-08-08,TXN100200,Local Farm Co-op,REF-9208zO,Beverage restock,259.95,0.0,118139.1
2024-08-08,TXN100201,Local Farm Co-op,,Beverage restock,0.0,501.27,118640.37
2024-08-08,TXN100202,Sysco,,Food inventory,292.15,0.0,118348.22
2024-08-08,TXN100203,Rent,,Monthly rent,322.96,0.0,118025.26
2024-08-08,TXN100204,Utilities Co.,,Utilities,0.0,533.1,118558.36
2024-08-08,TXN100205,Local Farm Co-op,REF-4149ve,Beverage restock,180.26,0.0,118378.1
2024-08-09,TXN100206,Local Farm Co-op,,Food inventory,0.0,1155.96,119534.06
2024-08-09,TXN100207,Utilities Co.,REF-4263aP,Utilities,458.86,0.0,119075.2
2024-08-09,TXN100208,Local Farm Co-op,,Food inventory,0.0,1118.66,120193.86
2024-08-09,TXN100209,Rent,,Monthly rent,0.0,677.78,120871.64
2024-08-09,TXN100210,Costco,,Food inventory,0.0,1466.63,122338.27
2024-08-10,TXN100211,Costco,,Online supplies,0.0,1519.66,123857.93
2024-08-10,TXN100212,Coca-Cola,,Beverage restock,464.27,0.0,123393.66
2024-08-11,TXN100213,Amazon,,Online supplies,392.77,0.0,123000.89
2024-08-11,TXN100214,Amazon,,Equipment purchase,0.0,766.56,123767.45
2024-08-11,TXN100215,Bakery Supply Co.,,Food inventory,0.0,633.97,124401.42
2024-08-12,TXN100216,Gordon Food Service,,Food inventory,0.0,509.68,124911.1
2024-08-12,TXN100217,US Foods,,Food inventory,0.0,507.34,125418.44
2024-08-13,TXN100218,Local Butcher,,Food inventory,115.52,0.0,125302.92
2024-08-13,TXN100219,Rent,,Monthly rent,0.0,528.13,125831.05
2024-08-13,TXN100220,Chase Bank,,Service fee,108.55,0.0,125722.5
2024-08-13,TXN100221,Walmart,,Online supplies,460.78,0.0,125261.72
2024-08-13,TXN100222,PepsiCo,,Beverage restock,0.0,919.07,126180.79
2024-08-13,TXN100223,Local Farm Co-op,,Beverage restock,0.0,805.33,126986.12
2024-08-14,TXN100224,Chase Bank,,Service fee,0.0,1471.79,128457.91
2024-08-14,TXN100225,Local Butcher,,Meat purchase,0.0,1190.95,129648.86
2024-08-14,TXN100226,Rent,REF-2832aO,Monthly rent,311.05,0.0,129337.81
2024-08-14,TXN100227,Bakery Supply Co.,,Baking supplies,0.0,875.65,130213.46
2024-08-14,TXN100228,Bakery Supply Co.,REF-1666kK,Food inventory,76.33,0.0,130137.13
2024-08-15,TXN100229,Square,,POS sale,0.0,1576.69,131713.82
2024-08-16,TXN100230,Amazon,,Online supplies,0.0,1234.07,132947.89
2024-08-16,TXN100231,Payroll,,Payroll,0.0,1387.71,134335.6
2024-08-16,TXN100232,Bakery Supply Co.,REF-5204lt,Food inventory,354.25,0.0,133981.35
2024-08-16,TXN100233,Sysco,REF-6877IC,Beverage restock,381.13,0.0,133600.22
2024-08-17,TXN100234,Bakery Supply Co.,,Baking supplies,0.0,1574.68,135174.9
2024-08-17,TXN100235,Rent,,Monthly rent,0.0,1445.27,136620.17
2024-08-17,TXN100236,Chase Bank,,Banking fee,0.0,990.32,137610.49
2024-08-17,TXN100237,Walmart,,Food inventory,0.0,364.65,137975.14
2024-08-18,TXN100238,Coca-Cola,,Beverage restock,0.0,1219.16,139194.3
2024-08-18,TXN100239,Kitchen Depot,,Equipment purchase,0.0,300.57,139494.87
2024-08-18,TXN100240,Kitchen Depot,,Equipment purchase,332.94,0.0,139161.93
2024-08-19,TXN100241,Square,,POS sale,0.0,425.98,139587.91
2024-08-19,TXN100242,Local Farm Co-op,,Food inventory,398.44,0.0,139189.47
2024-08-19,TXN100243,Local Butcher,,Meat purchase,206.64,0.0,138982.83
2024-08-19,TXN100244,Square,,POS sale,0.0,1523.33,140506.16
2024-08-21,TXN100245,Kitchen Depot,REF-3020LL,Equipment purchase,71.93,0.0,140434.23
2024-08-21,TXN100246,Stripe,,Customer payment,0.0,1458.74,141892.97
2024-08-22,TXN100247,Gordon Food Service,REF-2595Ze,Beverage restock,161.62,0.0,141731.35
2024-08-23,TXN100248,PepsiCo,,Beverage restock,0.0,989.48,142720.83
2024-08-23,TXN100249,Square,,POS sale,0.0,1337.36,144058.19
2024-08-24,TXN100250,Kitchen Depot,,Maintenance,0.0,1360.98,145419.17
2024-08-24,TXN100251,Sysco,,Food inventory,0.0,1518.21,146937.38
2024-08-25,TXN100252,Coca-Cola,,Beverage restock,0.0,1397.19,148334.57
2024-08-25,TXN100253,Local Farm Co-op,,Food inventory,0.0,590.04,148924.61
2024-08-25,TXN100254,Local Farm Co-op,,Beverage restock,0.0,1090.77,150015.38
2024-08-26,TXN100255,Square,,Customer payment,0.0,424.99,150440.37
2024-08-26,TXN100256,Sysco,,Beverage restock,0.0,852.99,151293.36
2024-08-26,TXN100257,Gordon Food Service,,Food inventory,32.59,0.0,151260.77
2024-08-26,TXN100258,Costco,,Food inventory,0.0,658.07,151918.84
2024-08-26,TXN100259,Local Butcher,REF-7036mo,Meat purchase,132.28,0.0,151786.56
2024-08-27,TXN100260,Amazon,,Online supplies,0.0,1089.79,152876.35
2024-08-27,TXN100261,US Foods,,Beverage restock,310.84,0.0,152565.51
2024-08-27,TXN100262,US Foods,,Beverage restock,0.0,1094.27,153659.78
2024-08-27,TXN100263,Bakery Supply Co.,,Baking supplies,0.0,1350.84,155010.62
2024-08-27,TXN100264,Square,,Customer payment,0.0,1439.61,156450.23
2024-08-28,TXN100265,Costco,,Food inventory,0.0,678.76,157128.99
2024-08-28,TXN100266,Stripe,,Customer payment,0.0,1354.88,158483.87
2024-08-28,TXN100267,Costco,,Online supplies,0.0,508.3,158992.17
2024-08-28,TXN100268,Walmart,,Food inventory,0.0,472.6,159464.77
2024-08-28,TXN100269,PepsiCo,,Beverage restock,0.0,984.62,160449.39
2024-08-28,TXN100270,Amazon,,Online supplies,148.43,0.0,160300.96
2024-08-29,TXN100271,Costco,,Food inventory,0.0,548.17,160849.13
2024-08-29,TXN100272,US Foods,,Food inventory,295.44,0.0,160553.69
2024-08-29,TXN100273,Utilities Co.,,Utilities,47.2,0.0,160506.49
2024-08-29,TXN100274,Coca-Cola,REF-9430Wg,Beverage restock,139.44,0.0,160367.05
2024-08-30,TXN100275,Chase Bank,,Banking fee,0.0,1299.06,161666.11
2024-08-30,TXN100276,Sysco,REF-2860TE,Beverage restock,305.43,0.0,161360.68
2024-08-30,TXN100277,Stripe,,POS sale,0.0,1068.01,162428.69
2024-09-01,TXN100278,Costco,REF-8968cb,Food inventory,407.63,0.0,162021.06
2024-09-01,TXN100279,Bakery Supply Co.,,Food inventory,145.6,0.0,161875.46
2024-09-01,TXN100280,Gordon Food Service,,Food inventory,0.0,1598.31,163473.77
2024-09-01,TXN100281,Gordon Food Service,,Beverage restock,0.0,1086.0,164559.77
2024-09-02,TXN100282,Chase Bank,,Banking fee,0.0,986.8,165546.57
2024-09-02,TXN100283,Local Butcher,,Food inventory,135.22,0.0,165411.35
2024-09-02,TXN100284,Rent,REF-6467QY,Monthly rent,184.45,0.0,165226.9
2024-09-02,TXN100285,Chase Bank,,Banking fee,0.0,838.33,166065.23
2024-09-03,TXN100286,Amazon,,Online supplies,274.1,0.0,165791.13
2024-09-03,TXN100287,US Foods,,Food inventory,0.0,616.06,166407.19
2024-09-03,TXN100288,Sysco,,Beverage restock,0.0,1177.54,167584.73
2024-09-04,TXN100289,Bakery Supply Co.,,Food inventory,0.0,363.52,167948.25
2024-09-04,TXN100290,Local Butcher,,Meat purchase,0.0,1211.8,169160.05
2024-09-04,TXN100291,Coca-Cola,,Beverage restock,0.0,737.7,169897.75
2024-09-04,TXN100292,Costco,,Food inventory,0.0,609.61,170507.36
2024-09-05,TXN100293,PepsiCo,,Beverage restock,0.0,1324.24,171831.6
2024-09-05,TXN100294,Coca-Cola,,Beverage restock,0.0,1479.73,173311.33
2024-09-05,TXN100295,Local Butcher,,Meat purchase,0.0,462.83,173774.16
2024-09-06,TXN100296,US Foods,,Beverage restock,300.08,0.0,173474.08
2024-09-06,TXN100297,Utilities Co.,,Utilities,171.83,0.0,173302.25
2024-09-06,TXN100298,Rent,,Monthly rent,0.0,800.95,174103.2
2024-09-06,TXN100299,Chase Bank,,Banking fee,0.0,882.27,174985.47
2024-09-07,TXN100300,Local Butcher,,Food inventory,0.0,817.72,175803.19
2024-09-08,TXN100301,Local Farm Co-op,,Beverage restock,0.0,448.24,176251.43
2024-09-08,TXN100302,Chase Bank,,Banking fee,0.0,756.37,177007.8
2024-09-08,TXN100303,Rent,,Monthly rent,0.0,1165.2,178173.0
2024-09-08,TXN100304,Utilities Co.,,Utilities,0.0,618.97,178791.97
2024-09-09,TXN100305,Utilities Co.,,Utilities,0.0,958.5,179750.47
2024-09-09,TXN100306,Costco,,Online supplies,0.0,1392.13,181142.6
2024-09-10,TXN100307,Amazon,,Online supplies,0.0,1008.9,182151.5
2024-09-10,TXN100308,Utilities Co.,,Utilities,0.0,476.68,182628.18
2024-09-11,TXN100309,Sysco,REF-7400Ra,Beverage restock,395.77,0.0,182232.41
2024-09-15,TXN100310,Coca-Cola,,Beverage restock,0.0,866.37,183098.78
2024-09-15,TXN100311,PepsiCo,REF-1821Ri,Beverage restock,236.17,0.0,182862.61
2024-09-15,TXN100312,Chase Bank,REF-0977JZ,Banking fee,221.62,0.0,182640.99
2024-09-15,TXN100313,Kitchen Depot,,Maintenance,0.0,772.06,183413.05
2024-09-17,TXN100314,Utilities Co.,,Utilities,0.0,1520.76,184933.81
2024-09-17,TXN100315,Kitchen Depot,REF-7890Hz,Maintenance,220.11,0.0,184713.7
2024-09-17,TXN100316,Amazon,,Equipment purchase,0.0,1405.53,186119.23
2024-09-17,TXN100317,Kitchen Depot,,Equipment purchase,0.0,373.1,186492.33
2024-09-18,TXN100318,Sysco,,Food inventory,0.0,472.98,186965.31
2024-09-18,TXN100319,Payroll,,Payroll,0.0,1228.39,188193.7
2024-09-18,TXN100320,Payroll,REF-1291If,Payroll,308.69,0.0,187885.01
2024-09-18,TXN100321,Local Farm Co-op,,Food inventory,0.0,612.06,188497.07
2024-09-18,TXN100322,Local Butcher,,Meat purchase,0.0,1495.73,189992.8
2024-09-20,TXN100323,Sysco,,Food inventory,0.0,1525.82,191518.62
2024-09-20,TXN100324,Kitchen Depot,,Maintenance,0.0,999.9,192518.52
2024-09-20,TXN100325,PepsiCo,,Beverage restock,0.0,626.42,193144.94
2024-09-20,TXN100326,Rent,,Monthly rent,0.0,1457.97,194602.91
2024-09-21,TXN100327,Chase Bank,,Banking fee,0.0,678.78,195281.69
2024-09-21,TXN100328,Walmart,,Food inventory,0.0,1469.32,196751.01
2024-09-21,TXN100329,Amazon,,Online supplies,0.0,1299.83,198050.84
2024-09-21,TXN100330,Stripe,,Customer payment,0.0,852.88,198903.72
2024-09-22,TXN100331,PepsiCo,,Beverage restock,0.0,939.36,199843.08
2024-09-22,TXN100332,Local Farm Co-op,,Beverage restock,471.56,0.0,199371.52
2024-09-22,TXN100333,Gordon Food Service,,Beverage restock,49.1,0.0,199322.42
2024-09-22,TXN100334,Gordon Food Service,,Beverage restock,0.0,1045.94,200368.36
2024-09-23,TXN100335,Local Farm Co-op,,Food inventory,0.0,472.19,200840.55
2024-09-23,TXN100336,PepsiCo,,Beverage restock,0.0,516.62,201357.17
2024-09-24,TXN100337,Square,,POS sale,0.0,900.23,202257.4
2024-09-25,TXN100338,Local Butcher,REF-8286MM,Meat purchase,433.25,0.0,201824.15
2024-09-26,TXN100339,Amazon,,Online supplies,491.64,0.0,201332.51
2024-09-26,TXN100340,US Foods,,Beverage restock,0.0,1501.83,202834.34
2024-09-26,TXN100341,Amazon,,Online supplies,127.55,0.0,202706.79
2024-09-26,TXN100342,Local Butcher,,Food inventory,193.13,0.0,202513.66
2024-09-27,TXN100343,PepsiCo,REF-5864lb,Beverage restock,323.78,0.0,202189.88
2024-09-27,TXN100344,Bakery Supply Co.,,Food inventory,0.0,1083.73,203273.61
2024-09-28,TXN100345,Coca-Cola,,Beverage restock,0.0,589.46,203863.07
2024-09-28,TXN100346,Rent,REF-2713be,Monthly rent,118.1,0.0,203744.97
2024-09-28,TXN100347,Amazon,,Online supplies,0.0,789.3,204534.27
2024-09-29,TXN100348,Square,,POS sale,0.0,908.89,205443.16
2024-09-29,TXN100349,Sysco,,Beverage restock,0.0,1280.61,206723.77
2024-09-30,TXN100350,Square,,POS sale,0.0,331.91,207055.68
2024-09-30,TXN100351,Stripe,,POS sale,0.0,1383.33,208439.01
2024-09-30,TXN100352,Stripe,,Customer payment,0.0,1151.06,209590.07
2024-10-01,TXN100353,Costco,REF-4071uX,Online supplies,91.88,0.0,209498.19
2024-10-02,TXN100354,Local Farm Co-op,,Food inventory,0.0,1416.27,210914.46
2024-10-02,TXN100355,Local Butcher,,Food inventory,168.59,0.0,210745.87
2024-10-02,TXN100356,Costco,,Food inventory,0.0,708.72,211454.59
2024-10-03,TXN100357,Gordon Food Service,,Food inventory,0.0,856.5,212311.09
2024-10-03,TXN100358,Sysco,,Beverage restock,0.0,906.68,213217.77
2024-10-04,TXN100359,Sysco,,Food inventory,0.0,404.37,213622.14
2024-10-04,TXN100360,Sysco,,Food inventory,0.0,541.81,214163.95
2024-10-05,TXN100361,Gordon Food Service,,Beverage restock,0.0,1170.03,215333.98
2024-10-05,TXN100362,Walmart,,Online supplies,0.0,1114.12,216448.1
2024-10-05,TXN100363,Costco,,Online supplies,0.0,1148.77,217596.87
2024-10-05,TXN100364,Kitchen Depot,,Equipment purchase,0.0,1257.39,218854.26
2024-10-05,TXN100365,Chase Bank,,Banking fee,407.9,0.0,218446.36
2024-10-05,TXN100366,Costco,,Food inventory,265.06,0.0,218181.3
2024-10-05,TXN100367,Utilities Co.,,Utilities,0.0,940.01,219121.31
2024-10-06,TXN100368,Local Butcher,,Food inventory,0.0,1093.0,220214.31
2024-10-06,TXN100369,Payroll,,Payroll,0.0,1191.22,221405.53
2024-10-06,TXN100370,Utilities Co.,REF-3736DC,Utilities,447.87,0.0,220957.66
2024-10-07,TXN100371,Costco,,Food inventory,273.19,0.0,220684.47
2024-10-08,TXN100372,Costco,,Online supplies,0.0,385.51,221069.98
2024-10-08,TXN100373,Local Farm Co-op,,Beverage restock,499.51,0.0,220570.47
2024-10-08,TXN100374,Local Farm Co-op,,Food inventory,0.0,1362.48,221932.95
2024-10-09,TXN100375,Walmart,,Food inventory,0.0,383.35,222316.3
2024-10-09,TXN100376,US Foods,,Food inventory,0.0,542.97,222859.27
2024-10-09,TXN100377,Local Butcher,,Food inventory,177.5,0.0,222681.77
2024-10-10,TXN100378,Local Farm Co-op,,Beverage restock,0.0,1394.04,224075.81
2024-10-10,TXN100379,Utilities Co.,REF-3010EV,Utilities,445.12,0.0,223630.69
2024-10-10,TXN100380,Walmart,,Online supplies,0.0,1373.09,225003.78
2024-10-10,TXN100381,Local Farm Co-op,,Beverage restock,0.0,364.05,225367.83
2024-10-11,TXN100382,Stripe,,Customer payment,0.0,763.19,226131.02
2024-10-11,TXN100383,PepsiCo,,Beverage restock,0.0,1351.59,227482.61
2024-10-11,TXN100384,Chase Bank,,Banking fee,0.0,1208.85,228691.46
2024-10-11,TXN100385,Square,,Customer payment,0.0,649.38,229340.84
2024-10-12,TXN100386,Utilities Co.,,Utilities,0.0,903.72,230244.56
2024-10-12,TXN100387,Stripe,,POS sale,0.0,980.46,231225.02
2024-10-12,TXN100388,Utilities Co.,REF-0881Zt,Utilities,232.88,0.0,230992.14
2024-10-13,TXN100389,Stripe,,POS sale,0.0,1105.05,232097.19
2024-10-13,TXN100390,Chase Bank,,Service fee,0.0,1532.73,233629.92
2024-10-13,TXN100391,Bakery Supply Co.,REF-3360wr,Baking supplies,436.9,0.0,233193.02
2024-10-13,TXN100392,Local Butcher,,Meat purchase,0.0,1234.63,234427.65
2024-10-13,TXN100393,Sysco,,Beverage restock,407.54,0.0,234020.11
2024-10-13,TXN100394,Kitchen Depot,,Maintenance,0.0,1453.49,235473.6
2024-10-13,TXN100395,Coca-Cola,,Beverage restock,0.0,1562.46,237036.06
2024-10-15,TXN100396,US Foods,,Food inventory,0.0,374.91,237410.97
2024-10-15,TXN100397,Sysco,,Beverage restock,465.47,0.0,236945.5
2024-10-15,TXN100398,Rent,,Monthly rent,0.0,1520.45,238465.95
2024-10-15,TXN100399,Stripe,,Customer payment,0.0,541.05,239007.0
2024-10-17,TXN100400,Costco,REF-1966Ip,Food inventory,146.15,0.0,238860.85
2024-10-18,TXN100401,Bakery Supply Co.,,Baking supplies,0.0,389.56,239250.41
2024-10-18,TXN100402,Bakery Supply Co.,,Baking supplies,0.0,914.93,240165.34
2024-10-18,TXN100403,Utilities Co.,,Utilities,0.0,312.66,240478.0
2024-10-18,TXN100404,Stripe,,Customer payment,0.0,912.55,241390.55
2024-10-19,TXN100405,US Foods,,Beverage restock,492.49,0.0,240898.06
2024-10-19,TXN100406,Chase Bank,,Banking fee,444.52,0.0,240453.54
2024-10-19,TXN100407,Gordon Food Service,REF-5187Qs,Beverage restock,292.26,0.0,240161.28
2024-10-20,TXN100408,Utilities Co.,,Utilities,0.0,766.01,240927.29
2024-10-20,TXN100409,Local Butcher,,Food inventory,0.0,375.77,241303.06
2024-10-20,TXN100410,Square,,POS sale,0.0,1551.39,242854.45
2024-10-21,TXN100411,Walmart,,Online supplies,0.0,562.13,243416.58
2024-10-21,TXN100412,Payroll,,Payroll,0.0,633.32,244049.9
2024-10-21,TXN100413,Sysco,,Beverage restock,0.0,1227.24,245277.14
2024-10-21,TXN100414,Square,,Customer payment,0.0,503.62,245780.76
2024-10-22,TXN100415,Square,,POS sale,0.0,1519.98,247300.74
2024-10-23,TXN100416,Square,,POS sale,0.0,1075.19,248375.93
2024-10-24,TXN100417,US Foods,,Beverage restock,0.0,1535.41,249911.34
2024-10-24,TXN100418,Payroll,REF-3754GQ,Payroll,128.22,0.0,249783.12
2024-10-25,TXN100419,PepsiCo,,Beverage restock,0.0,1101.04,250884.16
2024-10-25,TXN100420,Walmart,,Online supplies,0.0,1302.47,252186.63
2024-10-26,TXN100421,Kitchen Depot,,Equipment purchase,0.0,538.49,252725.12
2024-10-26,TXN100422,Chase Bank,,Banking fee,0.0,1312.27,254037.39
2024-10-27,TXN100423,Walmart,REF-1715BK,Online supplies,41.51,0.0,253995.88
2024-10-27,TXN100424,Amazon,,Online supplies,107.32,0.0,253888.56
2024-10-27,TXN100425,Amazon,,Online supplies,0.0,795.87,254684.43
2024-10-27,TXN100426,Coca-Cola,,Beverage restock,0.0,669.85,255354.28
2024-10-28,TXN100427,Payroll,,Payroll,167.76,0.0,255186.52
2024-10-28,TXN100428,Chase Bank,,Banking fee,438.79,0.0,254747.73
2024-10-29,TXN100429,Chase Bank,,Service fee,0.0,340.66,255088.39
2024-10-29,TXN100430,Bakery Supply Co.,,Baking supplies,0.0,1552.32,256640.71
2024-10-29,TXN100431,Coca-Cola,,Beverage restock,0.0,765.0,257405.71
2024-10-29,TXN100432,Amazon,REF-3901tW,Equipment purchase,237.95,0.0,257167.76
2024-10-30,TXN100433,Walmart,,Food inventory,43.41,0.0,257124.35
2024-10-30,TXN100434,Amazon,,Equipment purchase,402.5,0.0,256721.85
2024-10-30,TXN100435,US Foods,,Beverage restock,0.0,1149.54,257871.39
2024-10-30,TXN100436,Gordon Food Service,,Food inventory,0.0,409.7,258281.09
2024-10-31,TXN100437,Kitchen Depot,,Maintenance,0.0,1510.72,259791.81
2024-11-01,TXN100438,Utilities Co.,,Utilities,0.0,1153.7,260945.51
2024-11-01,TXN100439,Walmart,,Online supplies,0.0,605.03,261550.54
2024-11-02,TXN100440,Local Farm Co-op,,Food inventory,351.34,0.0,261199.2
2024-11-03,TXN100441,Amazon,,Online supplies,0.0,1493.76,262692.96
2024-11-03,TXN100442,Utilities Co.,REF-9201BA,Utilities,302.76,0.0,262390.2
2024-11-04,TXN100443,US Foods,,Food inventory,0.0,424.99,262815.19
2024-11-04,TXN100444,Sysco,,Food inventory,51.64,0.0,262763.55
2024-11-04,TXN100445,Amazon,,Equipment purchase,0.0,424.37,263187.92
2024-11-04,TXN100446,Local Butcher,,Food inventory,0.0,611.44,263799.36
2024-11-04,TXN100447,Local Farm Co-op,REF-9708Ub,Beverage restock,230.47,0.0,263568.89
2024-11-05,TXN100448,Rent,,Monthly rent,0.0,507.24,264076.13
2024-11-05,TXN100449,Walmart,,Online supplies,191.23,0.0,263884.9
2024-11-06,TXN100450,Local Farm Co-op,,Food inventory,0.0,740.44,264625.34
2024-11-07,TXN100451,PepsiCo,,Beverage restock,0.0,1555.71,266181.05
2024-11-08,TXN100452,PepsiCo,,Beverage restock,0.0,749.75,266930.8
2024-11-08,TXN100453,Stripe,,Customer payment,0.0,1278.65,268209.45
2024-11-08,TXN100454,Bakery Supply Co.,,Baking supplies,0.0,427.69,268637.14
2024-11-08,TXN100455,Local Farm Co-op,,Beverage restock,0.0,837.49,269474.63
2024-11-08,TXN100456,PepsiCo,REF-6551EG,Beverage restock,217.88,0.0,269256.75
2024-11-08,TXN100457,Gordon Food Service,,Food inventory,0.0,943.12,270199.87
2024-11-08,TXN100458,Chase Bank,,Banking fee,373.3,0.0,269826.57
2024-11-08,TXN100459,Payroll,,Payroll,0.0,1281.85,271108.42
2024-11-08,TXN100460,PepsiCo,,Beverage restock,0.0,1334.2,272442.62
2024-11-09,TXN100461,Coca-Cola,,Beverage restock,0.0,1550.99,273993.61
2024-11-09,TXN100462,Stripe,,Customer payment,0.0,873.87,274867.48
2024-11-09,TXN100463,Kitchen Depot,,Equipment purchase,0.0,1465.02,276332.5
2024-11-09,TXN100464,Kitchen Depot,REF-9160CB,Equipment purchase,369.08,0.0,275963.42
2024-11-09,TXN100465,Coca-Cola,REF-1642Ry,Beverage restock,24.98,0.0,275938.44
2024-11-10,TXN100466,Rent,,Monthly rent,0.0,1167.41,277105.85
2024-11-11,TXN100467,Gordon Food Service,,Beverage restock,0.0,1252.54,278358.39
2024-11-11,TXN100468,Amazon,,Equipment purchase,189.82,0.0,278168.57
2024-11-12,TXN100469,Costco,REF-0256iq,Online supplies,161.65,0.0,278006.92
2024-11-12,TXN100470,Chase Bank,REF-0058uF,Banking fee,315.13,0.0,277691.79
2024-11-12,TXN100471,US Foods,,Food inventory,323.16,0.0,277368.63
2024-11-12,TXN100472,Amazon,,Online supplies,267.28,0.0,277101.35
2024-11-13,TXN100473,Rent,,Monthly rent,0.0,707.38,277808.73
2024-11-13,TXN100474,Kitchen Depot,,Equipment purchase,211.9,0.0,277596.83
2024-11-14,TXN100475,Costco,,Food inventory,0.0,440.16,278036.99
2024-11-14,TXN100476,Rent,,Monthly rent,0.0,1154.66,279191.65
2024-11-14,TXN100477,US Foods,,Beverage restock,0.0,1266.74,280458.39
2024-11-14,TXN100478,Local Farm Co-op,,Food inventory,0.0,1592.71,282051.1
2024-11-15,TXN100479,Sysco,REF-3959SO,Food inventory,70.01,0.0,281981.09
2024-11-16,TXN100480,Payroll,,Payroll,0.0,1466.39,283447.48
2024-11-16,TXN100481,Square,,POS sale,0.0,634.7,284082.18
2024-11-16,TXN100482,Utilities Co.,,Utilities,0.0,850.27,284932.45
2024-11-17,TXN100483,Chase Bank,,Service fee,0.0,414.82,285347.27
2024-11-17,TXN100484,Payroll,,Payroll,0.0,756.93,286104.2
2024-11-17,TXN100485,Local Farm Co-op,,Food inventory,0.0,1553.11,287657.31
2024-11-18,TXN100486,Gordon Food Service,,Beverage restock,0.0,796.03,288453.34
2024-11-18,TXN100487,Kitchen Depot,,Equipment purchase,0.0,882.24,289335.58
2024-11-18,TXN100488,US Foods,,Beverage restock,361.96,0.0,288973.62
2024-11-20,TXN100489,Square,,Customer payment,0.0,1446.69,290420.31
2024-11-20,TXN100490,Gordon Food Service,,Beverage restock,0.0,1178.09,291598.4
2024-11-20,TXN100491,Local Butcher,REF-8053af,Meat purchase,278.98,0.0,291319.42
2024-11-21,TXN100492,Local Butcher,,Food inventory,0.0,985.38,292304.8
2024-11-21,TXN100493,Local Farm Co-op,,Food inventory,0.0,497.98,292802.78
2024-11-21,TXN100494,Gordon Food Service,,Food inventory,84.52,0.0,292718.26
2024-11-21,TXN100495,Sysco,,Food inventory,0.0,460.33,293178.59
2024-11-22,TXN100496,Stripe,,Customer payment,0.0,1584.31,294762.9
2024-11-22,TXN100497,Bakery Supply Co.,,Food inventory,0.0,685.88,295448.78
2024-11-23,TXN100498,Rent,,Monthly rent,0.0,755.84,296204.62
2024-11-23,TXN100499,Payroll,,Payroll,431.65,0.0,295772.97
2024-11-23,TXN100500,Kitchen Depot,REF-5517Yd,Maintenance,266.98,0.0,295505.99
2024-11-23,TXN100501,Square,,POS sale,0.0,1392.23,296898.22
2024-11-24,TXN100502,PepsiCo,,Beverage restock,0.0,987.43,297885.65
2024-11-24,TXN100503,US Foods,,Food inventory,0.0,873.17,298758.82
2024-11-25,TXN100504,Payroll,,Payroll,20.06,0.0,298738.76
2024-11-26,TXN100505,Payroll,,Payroll,0.0,874.49,299613.25
2024-11-26,TXN100506,Stripe,,Customer payment,0.0,332.56,299945.81
2024-11-26,TXN100507,Stripe,,POS sale,0.0,340.02,300285.83
2024-11-27,TXN100508,PepsiCo,,Beverage restock,0.0,886.97,301172.8
2024-11-27,TXN100509,Amazon,,Equipment purchase,0.0,1098.71,302271.51
2024-11-28,TXN100510,Stripe,,Customer payment,0.0,1032.01,303303.52
2024-11-28,TXN100511,Chase Bank,REF-6828iW,Service fee,346.02,0.0,302957.5
2024-11-28,TXN100512,Bakery Supply Co.,REF-8231ql,Baking supplies,398.04,0.0,302559.46
2024-11-28,TXN100513,Coca-Cola,,Beverage restock,0.0,484.71,303044.17
2024-11-29,TXN100514,Local Farm Co-op,REF-4567Zq,Food inventory,480.57,0.0,302563.6
2024-11-29,TXN100515,Gordon Food Service,,Food inventory,0.0,810.83,303374.43
2024-11-29,TXN100516,Utilities Co.,,Utilities,0.0,667.9,304042.33
2024-11-29,TXN100517,US Foods,,Food inventory,201.02,0.0,303841.31
2024-11-30,TXN100518,PepsiCo,,Beverage restock,0.0,757.1,304598.41
2024-11-30,TXN100519,Bakery Supply Co.,REF-9258ay,Baking supplies,425.35,0.0,304173.06
2024-12-01,TXN100520,Amazon,,Online supplies,0.0,823.35,304996.41
2024-12-02,TXN100521,Local Farm Co-op,REF-0975VF,Beverage restock,399.55,0.0,304596.86
2024-12-02,TXN100522,Sysco,,Beverage restock,341.77,0.0,304255.09
2024-12-02,TXN100523,Local Butcher,REF-6915sJ,Food inventory,151.45,0.0,304103.64
2024-12-02,TXN100524,Local Farm Co-op,,Beverage restock,0.0,1597.98,305701.62
2024-12-03,TXN100525,Bakery Supply Co.,,Baking supplies,0.0,562.96,306264.58
2024-12-03,TXN100526,Kitchen Depot,REF-0039VG,Equipment purchase,362.78,0.0,305901.8
2024-12-04,TXN100527,Square,,POS sale,0.0,1066.26,306968.06
2024-12-04,TXN100528,Local Butcher,,Food inventory,178.26,0.0,306789.8
2024-12-04,TXN100529,Local Farm Co-op,REF-7160Pr,Beverage restock,256.51,0.0,306533.29
2024-12-04,TXN100530,Costco,,Online supplies,0.0,1392.25,307925.54
2024-12-04,TXN100531,Coca-Cola,,Beverage restock,0.0,1293.64,309219.18
2024-12-05,TXN100532,Sysco,,Beverage restock,201.73,0.0,309017.45
2024-12-05,TXN100533,Amazon,,Online supplies,0.0,1591.21,310608.66
2024-12-05,TXN100534,Square,,POS sale,0.0,909.64,311518.3
2024-12-06,TXN100535,US Foods,,Beverage restock,0.0,929.02,312447.32
2024-12-06,TXN100536,Bakery Supply Co.,,Food inventory,56.38,0.0,312390.94
2024-12-06,TXN100537,Costco,,Online supplies,462.59,0.0,311928.35
2024-12-06,TXN100538,Payroll,,Payroll,0.0,557.77,312486.12
2024-12-06,TXN100539,Gordon Food Service,,Food inventory,34.5,0.0,312451.62
2024-12-07,TXN100540,Utilities Co.,REF-4665jd,Utilities,207.13,0.0,312244.49
2024-12-07,TXN100541,Local Butcher,,Food inventory,495.23,0.0,311749.26
2024-12-07,TXN100542,Amazon,,Online supplies,0.0,1498.5,313247.76
2024-12-07,TXN100543,US Foods,REF-2680tm,Beverage restock,210.79,0.0,313036.97
2024-12-08,TXN100544,Local Farm Co-op,,Beverage restock,0.0,1174.66,314211.63
2024-12-09,TXN100545,Payroll,REF-2061hH,Payroll,149.2,0.0,314062.43
2024-12-09,TXN100546,Stripe,,POS sale,0.0,883.42,314945.85
2024-12-09,TXN100547,Square,,Customer payment,0.0,622.19,315568.04
2024-12-09,TXN100548,Gordon Food Service,REF-1282bF,Food inventory,36.72,0.0,315531.32
2024-12-10,TXN100549,Kitchen Depot,,Equipment purchase,0.0,1465.04,316996.36
2024-12-10,TXN100550,Local Farm Co-op,,Beverage restock,0.0,315.33,317311.69
2024-12-10,TXN100551,Local Butcher,,Food inventory,0.0,551.83,317863.52
2024-12-10,TXN100552,Sysco,REF-6464GL,Beverage restock,253.18,0.0,317610.34
2024-12-10,TXN100553,US Foods,,Beverage restock,0.0,934.81,318545.15
2024-12-10,TXN100554,Payroll,,Payroll,0.0,591.93,319137.08
2024-12-11,TXN100555,Stripe,,POS sale,0.0,650.13,319787.21
2024-12-11,TXN100556,Square,,POS sale,0.0,504.2,320291.41
2024-12-11,TXN100557,Square,,POS sale,0.0,475.35,320766.76
2024-12-11,TXN100558,Rent,,Monthly rent,0.0,637.31,321404.07
2024-12-11,TXN100559,US Foods,,Food inventory,0.0,1037.73,322441.8
2024-12-12,TXN100560,Bakery Supply Co.,,Baking supplies,0.0,1424.01,323865.81
2024-12-12,TXN100561,Gordon Food Service,,Beverage restock,0.0,1437.76,325303.57
2024-12-12,TXN100562,Coca-Cola,,Beverage restock,0.0,1400.86,326704.43
2024-12-13,TXN100563,Utilities Co.,,Utilities,0.0,1195.99,327900.42
2024-12-13,TXN100564,Utilities Co.,,Utilities,0.0,465.74,328366.16
2024-12-13,TXN100565,Costco,,Online supplies,0.0,1451.45,329817.61
2024-12-13,TXN100566,Sysco,,Beverage restock,0.0,399.46,330217.07
2024-12-14,TXN100567,Sysco,,Food inventory,0.0,1357.81,331574.88
2024-12-14,TXN100568,Square,,Customer payment,0.0,381.75,331956.63
2024-12-14,TXN100569,Coca-Cola,,Beverage restock,0.0,1274.2,333230.83
2024-12-14,TXN100570,Utilities Co.,,Utilities,0.0,1469.41,334700.24
2024-12-15,TXN100571,Local Butcher,,Meat purchase,108.16,0.0,334592.08
2024-12-15,TXN100572,Square,,Customer payment,0.0,619.02,335211.1
2024-12-15,TXN100573,Sysco,,Food inventory,0.0,1542.67,336753.77
2024-12-15,TXN100574,Stripe,,POS sale,0.0,577.15,337330.92
2024-12-15,TXN100575,US Foods,,Food inventory,0.0,445.75,337776.67
2024-12-15,TXN100576,Sysco,,Beverage restock,141.27,0.0,337635.4
2024-12-16,TXN100577,Payroll,,Payroll,0.0,1339.07,338974.47
2024-12-16,TXN100578,Rent,,Monthly rent,0.0,1006.75,339981.22
2024-12-16,TXN100579,Gordon Food Service,REF-7949Gf,Beverage restock,261.44,0.0,339719.78
2024-12-16,TXN100580,US Foods,,Beverage restock,0.0,1000.98,340720.76
2024-12-16,TXN100581,Local Farm Co-op,,Food inventory,0.0,1472.03,342192.79
2024-12-16,TXN100582,Square,,POS sale,0.0,557.64,342750.43
2024-12-17,TXN100583,Amazon,REF-4925mZ,Equipment purchase,101.28,0.0,342649.15
2024-12-18,TXN100584,Utilities Co.,REF-2733am,Utilities,156.45,0.0,342492.7
2024-12-19,TXN100585,Bakery Supply Co.,,Food inventory,155.54,0.0,342337.16
2024-12-19,TXN100586,Walmart,,Online supplies,0.0,1526.84,343864.0
2024-12-20,TXN100587,US Foods,,Beverage restock,183.74,0.0,343680.26
2024-12-20,TXN100588,Coca-Cola,,Beverage restock,0.0,899.56,344579.82
2024-12-20,TXN100589,Chase Bank,,Banking fee,0.0,1560.98,346140.8
2024-12-21,TXN100590,Gordon Food Service,REF-3609aQ,Beverage restock,252.22,0.0,345888.58
2024-12-21,TXN100591,Square,,POS sale,0.0,1221.1,347109.68
2024-12-21,TXN100592,PepsiCo,,Beverage restock,416.8,0.0,346692.88
2024-12-21,TXN100593,Walmart,,Food inventory,0.0,1496.77,348189.65
2024-12-22,TXN100594,Local Farm Co-op,,Food inventory,200.0,0.0,347989.65
2024-12-22,TXN100595,Square,,POS sale,0.0,1335.94,349325.59
2024-12-22,TXN100596,Square,,Customer payment,0.0,1183.63,350509.22
2024-12-22,TXN100597,Gordon Food Service,,Beverage restock,0.0,862.36,351371.58
2024-12-23,TXN100598,Costco,REF-0416uw,Food inventory,149.76,0.0,351221.82
2024-12-23,TXN100599,US Foods,,Beverage restock,0.0,1055.42,352277.24
2024-12-24,TXN100600,Amazon,,Equipment purchase,0.0,1170.23,353447.47
2024-12-24,TXN100601,Kitchen Depot,,Maintenance,0.0,855.29,354302.76
2024-12-24,TXN100602,Amazon,,Equipment purchase,0.0,338.13,354640.89
2024-12-24,TXN100603,Stripe,,Customer payment,0.0,1378.87,356019.76
2024-12-24,TXN100604,Square,,Customer payment,0.0,898.49,356918.25
2024-12-25,TXN100605,Utilities Co.,,Utilities,0.0,779.2,357697.45
2024-12-25,TXN100606,Local Farm Co-op,,Beverage restock,0.0,848.51,358545.96
2024-12-25,TXN100607,Walmart,,Online supplies,0.0,1202.22,359748.18
2024-12-25,TXN100608,Bakery Supply Co.,,Baking supplies,85.04,0.0,359663.14
2024-12-25,TXN100609,Local Farm Co-op,,Beverage restock,299.44,0.0,359363.7
2024-12-26,TXN100610,Payroll,,Payroll,410.87,0.0,358952.83
2024-12-26,TXN100611,Stripe,,POS sale,0.0,734.24,359687.07
2024-12-27,TXN100612,Stripe,,POS sale,0.0,1418.72,361105.79
2024-12-28,TXN100613,Bakery Supply Co.,,Baking supplies,0.0,305.9,361411.69
2024-12-28,TXN100614,Sysco,,Beverage restock,0.0,1295.87,362707.56
2024-12-29,TXN100615,Chase Bank,REF-2701Wu,Banking fee,40.43,0.0,362667.13
2024-12-29,TXN100616,Coca-Cola,,Beverage restock,152.32,0.0,362514.81
2024-12-29,TXN100617,Gordon Food Service,,Food inventory,0.0,571.31,363086.12
2024-12-29,TXN100618,Bakery Supply Co.,,Baking supplies,0.0,1352.35,364438.47
2024-12-30,TXN100619,Square,,Customer payment,0.0,1589.58,366028.05
2024-12-30,TXN100620,Rent,,Monthly rent,0.0,584.09,366612.14
2024-12-31,TXN100621,Square,,POS sale,0.0,853.61,367465.75
2025-01-01,TXN100622,Gordon Food Service,,Food inventory,0.0,380.14,367845.89
2025-01-01,TXN100623,Walmart,,Online supplies,0.0,669.58,368515.47
2025-01-01,TXN100624,US Foods,REF-2634Xo,Food inventory,159.14,0.0,368356.33
2025-01-01,TXN100625,Utilities Co.,,Utilities,171.5,0.0,368184.83
2025-01-01,TXN100626,Local Farm Co-op,REF-5870QC,Beverage restock,228.7,0.0,367956.13
2025-01-02,TXN100627,Walmart,,Online supplies,0.0,655.81,368611.94
2025-01-02,TXN100628,Rent,,Monthly rent,0.0,1080.97,369692.91
2025-01-02,TXN100629,Sysco,,Food inventory,0.0,1443.57,371136.48
2025-01-03,TXN100630,Rent,,Monthly rent,499.98,0.0,370636.5
2025-01-04,TXN100631,Amazon,,Online supplies,0.0,1375.11,372011.61
2025-01-04,TXN100632,Stripe,,Customer payment,0.0,1095.53,373107.14
2025-01-04,TXN100633,PepsiCo,REF-8615sF,Beverage restock,164.1,0.0,372943.04
2025-01-04,TXN100634,Kitchen Depot,,Maintenance,0.0,596.45,373539.49
2025-01-05,TXN100635,Local Farm Co-op,REF-4105fw,Beverage restock,270.49,0.0,373269.0
2025-01-05,TXN100636,Costco,,Online supplies,0.0,686.79,373955.79
2025-01-05,TXN100637,PepsiCo,,Beverage restock,415.72,0.0,373540.07
2025-01-06,TXN100638,Coca-Cola,,Beverage restock,0.0,471.67,374011.74
2025-01-06,TXN100639,Kitchen Depot,,Maintenance,0.0,371.1,374382.84
2025-01-06,TXN100640,Gordon Food Service,REF-5064DI,Beverage restock,437.27,0.0,373945.57
2025-01-06,TXN100641,Sysco,,Beverage restock,482.36,0.0,373463.21
2025-01-07,TXN100642,Square,,POS sale,0.0,1263.28,374726.49
2025-01-07,TXN100643,Coca-Cola,,Beverage restock,0.0,1560.51,376287.0
2025-01-07,TXN100644,Amazon,REF-3372aT,Online supplies,373.1,0.0,375913.9
2025-01-07,TXN100645,Local Farm Co-op,,Beverage restock,0.0,1172.83,377086.73
2025-01-08,TXN100646,Rent,REF-7515Ug,Monthly rent,223.63,0.0,376863.1
2025-01-08,TXN100647,PepsiCo,,Beverage restock,0.0,1006.15,377869.25
2025-01-09,TXN100648,Gordon Food Service,REF-5689OO,Beverage restock,159.58,0.0,377709.67
2025-01-09,TXN100649,Chase Bank,,Service fee,250.62,0.0,377459.05
2025-01-09,TXN100650,PepsiCo,,Beverage restock,0.0,1110.97,378570.02
2025-01-10,TXN100651,Payroll,REF-6802Wf,Payroll,92.36,0.0,378477.66
2025-01-10,TXN100652,US Foods,,Beverage restock,0.0,337.05,378814.71
2025-01-10,TXN100653,Chase Bank,REF-9559JM,Service fee,146.61,0.0,378668.1
2025-01-10,TXN100654,Rent,,Monthly rent,0.0,697.71,379365.81
2025-01-10,TXN100655,US Foods,,Food inventory,145.04,0.0,379220.77
2025-01-11,TXN100656,PepsiCo,,Beverage restock,0.0,1049.41,380270.18
2025-01-11,TXN100657,Local Farm Co-op,,Beverage restock,403.12,0.0,379867.06
2025-01-11,TXN100658,Chase Bank,,Service fee,398.22,0.0,379468.84
2025-01-11,TXN100659,Rent,,Monthly rent,0.0,595.33,380064.17
2025-01-12,TXN100660,Amazon,,Equipment purchase,0.0,860.62,380924.79
2025-01-12,TXN100661,Stripe,,Customer payment,0.0,769.18,381693.97
2025-01-12,TXN100662,Amazon,,Equipment purchase,0.0,1497.74,383191.71
2025-01-12,TXN100663,PepsiCo,REF-0850dT,Beverage restock,499.02,0.0,382692.69
2025-01-12,TXN100664,Costco,,Online supplies,0.0,1311.34,384004.03
2025-01-12,TXN100665,Square,,POS sale,0.0,413.24,384417.27
2025-01-13,TXN100666,Costco,,Online supplies,304.59,0.0,384112.68
2025-01-14,TXN100667,Local Farm Co-op,,Beverage restock,0.0,820.04,384932.72
2025-01-14,TXN100668,Gordon Food Service,,Food inventory,0.0,598.4,385531.12
2025-01-15,TXN100669,Walmart,REF-7805mM,Food inventory,264.86,0.0,385266.26
2025-01-15,TXN100670,Walmart,,Online supplies,395.59,0.0,384870.67
2025-01-16,TXN100671,Costco,,Online supplies,0.0,834.08,385704.75
2025-01-16,TXN100672,Gordon Food Service,,Food inventory,0.0,998.9,386703.65
2025-01-16,TXN100673,Local Butcher,REF-6946LC,Food inventory,354.76,0.0,386348.89
2025-01-16,TXN100674,Utilities Co.,,Utilities,0.0,325.87,386674.76
2025-01-17,TXN100675,Stripe,,POS sale,0.0,1065.37,387740.13
2025-01-17,TXN100676,Costco,,Online supplies,0.0,495.23,388235.36
2025-01-18,TXN100677,Utilities Co.,,Utilities,285.34,0.0,387950.02
2025-01-18,TXN100678,Costco,,Food inventory,0.0,1267.65,389217.67
2025-01-18,TXN100679,Costco,,Food inventory,0.0,818.55,390036.22
2025-01-18,TXN100680,Costco,,Online supplies,0.0,657.19,390693.41
2025-01-19,TXN100681,Chase Bank,,Banking fee,463.42,0.0,390229.99
2025-01-19,TXN100682,Local Butcher,REF-2098XL,Food inventory,251.63,0.0,389978.36
2025-01-19,TXN100683,Costco,REF-5780lb,Food inventory,420.41,0.0,389557.95
2025-01-19,TXN100684,Stripe,,Customer payment,0.0,1137.58,390695.53
2025-01-19,TXN100685,Gordon Food Service,,Beverage restock,93.76,0.0,390601.77
2025-01-20,TXN100686,Costco,,Food inventory,0.0,1051.33,391653.1
2025-01-20,TXN100687,Gordon Food Service,,Beverage restock,0.0,723.03,392376.13
2025-01-20,TXN100688,Square,,Customer payment,0.0,845.33,393221.46
2025-01-20,TXN100689,Utilities Co.,,Utilities,0.0,701.45,393922.91
2025-01-20,TXN100690,Local Butcher,,Food inventory,0.0,767.38,394690.29
2025-01-21,TXN100691,Rent,,Monthly rent,450.57,0.0,394239.72
2025-01-22,TXN100692,Payroll,,Payroll,0.0,1208.17,395447.89
2025-01-22,TXN100693,US Foods,,Beverage restock,450.95,0.0,394996.94
2025-01-22,TXN100694,Local Butcher,,Meat purchase,87.07,0.0,394909.87
2025-01-22,TXN100695,Payroll,,Payroll,0.0,594.63,395504.5
2025-01-23,TXN100696,Gordon Food Service,,Food inventory,318.39,0.0,395186.11
2025-01-24,TXN100697,US Foods,,Food inventory,0.0,1237.29,396423.4
2025-01-24,TXN100698,Local Butcher,,Meat purchase,214.64,0.0,396208.76
2025-01-25,TXN100699,Costco,,Online supplies,0.0,1373.92,397582.68
2025-01-25,TXN100700,US Foods,,Beverage restock,464.6,0.0,397118.08
2025-01-26,TXN100701,Gordon Food Service,,Food inventory,0.0,1331.58,398449.66
2025-01-27,TXN100702,Amazon,,Online supplies,0.0,450.42,398900.08
2025-01-27,TXN100703,Walmart,REF-6465IK,Food inventory,78.59,0.0,398821.49
2025-01-27,TXN100704,Stripe,,Customer payment,0.0,1056.04,399877.53
2025-01-27,TXN100705,Local Farm Co-op,,Food inventory,182.48,0.0,399695.05
2025-01-27,TXN100706,PepsiCo,,Beverage restock,0.0,1338.35,401033.4
2025-01-27,TXN100707,Rent,,Monthly rent,0.0,602.31,401635.71
2025-01-28,TXN100708,Chase Bank,,Banking fee,0.0,1148.46,402784.17
2025-01-28,TXN100709,PepsiCo,REF-9678Wc,Beverage restock,249.6,0.0,402534.57
2025-01-28,TXN100710,Coca-Cola,REF-8191TV,Beverage restock,255.89,0.0,402278.68
2025-01-29,TXN100711,PepsiCo,,Beverage restock,0.0,1563.62,403842.3
2025-01-29,TXN100712,Square,,POS sale,0.0,478.28,404320.58
2025-01-29,TXN100713,Bakery Supply Co.,,Food inventory,0.0,557.54,404878.12
2025-01-30,TXN100714,Amazon,,Equipment purchase,0.0,1377.65,406255.77
2025-01-30,TXN100715,Chase Bank,REF-4519QF,Banking fee,234.07,0.0,406021.7
2025-01-30,TXN100716,Amazon,,Online supplies,111.86,0.0,405909.84
2025-01-30,TXN100717,Square,,Customer payment,0.0,718.02,406627.86
2025-01-30,TXN100718,Sysco,,Food inventory,473.81,0.0,406154.05
2025-01-30,TXN100719,Local Farm Co-op,REF-5275aU,Beverage restock,437.9,0.0,405716.15
2025-01-30,TXN100720,Kitchen Depot,,Maintenance,0.0,1442.37,407158.52
2025-01-31,TXN100721,Chase Bank,,Service fee,0.0,338.36,407496.88
2025-01-31,TXN100722,Bakery Supply Co.,REF-0754yL,Food inventory,103.31,0.0,407393.57
2025-01-31,TXN100723,Sysco,,Beverage restock,0.0,1074.87,408468.44
2025-01-31,TXN100724,Square,,POS sale,0.0,1034.0,409502.44
2025-01-31,TXN100725,Costco,,Online supplies,34.21,0.0,409468.23
2025-02-01,TXN100726,Kitchen Depot,,Maintenance,145.58,0.0,409322.65
2025-02-01,TXN100727,Bakery Supply Co.,,Food inventory,0.0,1344.53,410667.18
2025-02-02,TXN100728,Local Farm Co-op,,Food inventory,281.21,0.0,410385.97
2025-02-02,TXN100729,US Foods,,Beverage restock,0.0,757.49,411143.46
2025-02-02,TXN100730,Kitchen Depot,REF-6045gC,Equipment purchase,442.91,0.0,410700.55
2025-02-02,TXN100731,Square,,POS sale,0.0,947.04,411647.59
2025-02-02,TXN100732,US Foods,,Food inventory,427.23,0.0,411220.36
2025-02-03,TXN100733,Rent,REF-8949Xv,Monthly rent,430.66,0.0,410789.7
2025-02-03,TXN100734,PepsiCo,,Beverage restock,0.0,1001.04,411790.74
2025-02-03,TXN100735,PepsiCo,,Beverage restock,0.0,1477.68,413268.42
2025-02-03,TXN100736,Amazon,,Online supplies,0.0,1212.22,414480.64
2025-02-03,TXN100737,Kitchen Depot,,Maintenance,0.0,846.66,415327.3
2025-02-04,TXN100738,Gordon Food Service,REF-4355Rx,Food inventory,92.44,0.0,415234.86
2025-02-04,TXN100739,Amazon,,Equipment purchase,0.0,924.86,416159.72
2025-02-04,TXN100740,Bakery Supply Co.,,Food inventory,0.0,743.65,416903.37
2025-02-04,TXN100741,Rent,,Monthly rent,0.0,393.63,417297.0
2025-02-05,TXN100742,Stripe,,POS sale,0.0,1553.58,418850.58
2025-02-05,TXN100743,Amazon,,Online supplies,140.87,0.0,418709.71
2025-02-05,TXN100744,Coca-Cola,,Beverage restock,0.0,676.33,419386.04
2025-02-05,TXN100745,Costco,,Online supplies,0.0,706.78,420092.82
2025-02-06,TXN100746,Coca-Cola,,Beverage restock,0.0,781.79,420874.61
2025-02-06,TXN100747,Local Farm Co-op,,Beverage restock,422.36,0.0,420452.25
2025-02-06,TXN100748,Local Farm Co-op,,Food inventory,225.46,0.0,420226.79
2025-02-06,TXN100749,Bakery Supply Co.,REF-8109ZN,Baking supplies,300.12,0.0,419926.67
2025-02-07,TXN100750,Stripe,,POS sale,0.0,1511.54,421438.21
2025-02-07,TXN100751,Rent,,Monthly rent,135.39,0.0,421302.82
2025-02-07,TXN100752,Gordon Food Service,,Beverage restock,0.0,1307.38,422610.2
2025-02-07,TXN100753,Sysco,,Beverage restock,0.0,388.99,422999.19
2025-02-08,TXN100754,Costco,,Online supplies,0.0,1342.83,424342.02
2025-02-08,TXN100755,Utilities Co.,,Utilities,0.0,367.06,424709.08
2025-02-08,TXN100756,Payroll,,Payroll,232.39,0.0,424476.69
2025-02-09,TXN100757,Amazon,,Online supplies,0.0,1590.85,426067.54
2025-02-09,TXN100758,Walmart,REF-6990UC,Online supplies,122.41,0.0,425945.13
2025-02-09,TXN100759,Coca-Cola,,Beverage restock,0.0,632.18,426577.31
2025-02-11,TXN100760,Local Farm Co-op,,Beverage restock,0.0,1483.72,428061.03
2025-02-11,TXN100761,Local Butcher,REF-2145Ua,Meat purchase,490.15,0.0,427570.88
2025-02-11,TXN100762,Costco,,Food inventory,0.0,521.35,428092.23
2025-02-12,TXN100763,Stripe,,Customer payment,0.0,521.69,428613.92
2025-02-12,TXN100764,Chase Bank,,Banking fee,0.0,692.77,429306.69
2025-02-12,TXN100765,Payroll,,Payroll,0.0,1450.73,430757.42
2025-02-12,TXN100766,Local Farm Co-op,,Food inventory,0.0,1150.23,431907.65
2025-02-12,TXN100767,Amazon,,Online supplies,0.0,1112.62,433020.27
2025-02-13,TXN100768,US Foods,,Beverage restock,0.0,697.05,433717.32
2025-02-13,TXN100769,Local Farm Co-op,,Beverage restock,330.99,0.0,433386.33
2025-02-13,TXN100770,US Foods,,Beverage restock,0.0,724.37,434110.7
2025-02-13,TXN100771,Gordon Food Service,,Food inventory,0.0,1540.85,435651.55
2025-02-14,TXN100772,US Foods,,Food inventory,333.01,0.0,435318.54
2025-02-14,TXN100773,Kitchen Depot,,Equipment purchase,0.0,1598.77,436917.31
2025-02-15,TXN100774,Utilities Co.,,Utilities,0.0,1064.5,437981.81
2025-02-15,TXN100775,PepsiCo,,Beverage restock,0.0,1264.35,439246.16
2025-02-15,TXN100776,Chase Bank,,Service fee,0.0,1290.14,440536.3
2025-02-15,TXN100777,Bakery Supply Co.,REF-7083SZ,Baking supplies,439.57,0.0,440096.73
2025-02-15,TXN100778,Amazon,,Online supplies,423.25,0.0,439673.48
2025-02-15,TXN100779,Bakery Supply Co.,,Baking supplies,0.0,1243.06,440916.54
2025-02-15,TXN100780,Local Farm Co-op,,Food inventory,0.0,608.75,441525.29
2025-02-16,TXN100781,Sysco,,Beverage restock,0.0,1556.1,443081.39
2025-02-16,TXN100782,Bakery Supply Co.,,Food inventory,0.0,983.53,444064.92
2025-02-17,TXN100783,Bakery Supply Co.,,Baking supplies,0.0,392.52,444457.44
2025-02-17,TXN100784,PepsiCo,,Beverage restock,0.0,1014.64,445472.08
2025-02-17,TXN100785,Bakery Supply Co.,,Food inventory,0.0,313.62,445785.7
2025-02-18,TXN100786,Coca-Cola,,Beverage restock,265.0,0.0,445520.7
2025-02-18,TXN100787,Sysco,REF-8817pI,Food inventory,91.38,0.0,445429.32
2025-02-18,TXN100788,Stripe,,Customer payment,0.0,497.73,445927.05
2025-02-18,TXN100789,Local Farm Co-op,,Beverage restock,0.0,652.56,446579.61
2025-02-19,TXN100790,Square,,POS sale,0.0,770.28,447349.89
2025-02-19,TXN100791,Chase Bank,,Banking fee,0.0,380.68,447730.57
2025-02-19,TXN100792,Gordon Food Service,,Food inventory,0.0,702.6,448433.17
2025-02-20,TXN100793,Square,,Customer payment,0.0,652.88,449086.05
2025-02-20,TXN100794,PepsiCo,,Beverage restock,0.0,1134.56,450220.61
2025-02-20,TXN100795,Kitchen Depot,,Maintenance,0.0,836.72,451057.33
2025-02-20,TXN100796,Amazon,,Online supplies,0.0,1049.62,452106.95
2025-02-21,TXN100797,Rent,,Monthly rent,318.25,0.0,451788.7
2025-02-21,TXN100798,Stripe,,POS sale,0.0,346.2,452134.9
2025-02-21,TXN100799,US Foods,REF-6696tD,Food inventory,293.11,0.0,451841.79
2025-02-21,TXN100800,Kitchen Depot,REF-5203mn,Equipment purchase,192.59,0.0,451649.2
2025-02-21,TXN100801,Local Butcher,,Food inventory,0.0,437.39,452086.59
2025-02-21,TXN100802,Stripe,,POS sale,0.0,1324.13,453410.72
2025-02-22,TXN100803,Utilities Co.,,Utilities,0.0,1247.37,454658.09
2025-02-23,TXN100804,Gordon Food Service,REF-6849Rs,Food inventory,238.74,0.0,454419.35
2025-02-23,TXN100805,Local Butcher,,Meat purchase,0.0,1118.44,455537.79
2025-02-24,TXN100806,PepsiCo,,Beverage restock,351.28,0.0,455186.51
2025-02-24,TXN100807,Sysco,,Beverage restock,0.0,992.88,456179.39
2025-02-24,TXN100808,Rent,,Monthly rent,0.0,1322.88,457502.27
2025-02-24,TXN100809,Stripe,,POS sale,0.0,865.31,458367.58
2025-02-25,TXN100810,Local Butcher,,Meat purchase,0.0,1152.52,459520.1
2025-02-26,TXN100811,Square,,POS sale,0.0,1025.79,460545.89
2025-02-26,TXN100812,Square,,Customer payment,0.0,1105.55,461651.44
2025-02-26,TXN100813,Sysco,,Food inventory,0.0,720.27,462371.71
2025-02-26,TXN100814,Rent,,Monthly rent,0.0,971.91,463343.62
2025-02-27,TXN100815,Amazon,REF-4718qE,Online supplies,315.33,0.0,463028.29
2025-02-27,TXN100816,Local Butcher,,Food inventory,0.0,853.17,463881.46
2025-02-27,TXN100817,US Foods,REF-8255hx,Beverage restock,181.62,0.0,463699.84
2025-02-27,TXN100818,Stripe,,Customer payment,0.0,433.4,464133.24
2025-02-27,TXN100819,Utilities Co.,,Utilities,0.0,616.47,464749.71
2025-02-28,TXN100820,Rent,REF-3382Fr,Monthly rent,311.81,0.0,464437.9
2025-02-28,TXN100821,Kitchen Depot,,Equipment purchase,0.0,1536.47,465974.37
2025-02-28,TXN100822,Amazon,,Online supplies,0.0,861.34,466835.71
2025-02-28,TXN100823,Local Farm Co-op,,Beverage restock,0.0,891.82,467727.53
2025-02-28,TXN100824,Rent,,Monthly rent,0.0,746.7,468474.23
2025-03-01,TXN100825,Square,,Customer payment,0.0,1328.64,469802.87
2025-03-01,TXN100826,Kitchen Depot,,Equipment purchase,69.2,0.0,469733.67
2025-03-02,TXN100827,US Foods,REF-4012wc,Food inventory,105.33,0.0,469628.34
2025-03-02,TXN100828,Payroll,,Payroll,0.0,562.5,470190.84
2025-03-03,TXN100829,Gordon Food Service,,Beverage restock,0.0,1459.1,471649.94
2025-03-04,TXN100830,Square,,Customer payment,0.0,1218.92,472868.86
2025-03-04,TXN100831,Amazon,,Online supplies,0.0,1034.22,473903.08
2025-03-05,TXN100832,Chase Bank,REF-4269EJ,Banking fee,279.5,0.0,473623.58
2025-03-05,TXN100833,PepsiCo,,Beverage restock,437.66,0.0,473185.92
2025-03-05,TXN100834,Coca-Cola,,Beverage restock,0.0,582.56,473768.48
2025-03-05,TXN100835,Stripe,,Customer payment,0.0,842.85,474611.33
2025-03-06,TXN100836,Gordon Food Service,,Food inventory,0.0,1064.13,475675.46
2025-03-06,TXN100837,Square,,POS sale,0.0,1316.35,476991.81
2025-03-07,TXN100838,Costco,,Food inventory,0.0,1458.24,478450.05
2025-03-08,TXN100839,Payroll,,Payroll,0.0,735.11,479185.16
2025-03-08,TXN100840,Chase Bank,,Banking fee,431.81,0.0,478753.35
2025-03-09,TXN100841,Square,,Customer payment,0.0,1208.52,479961.87
2025-03-09,TXN100842,Kitchen Depot,REF-5444GJ,Equipment purchase,243.22,0.0,479718.65
2025-03-10,TXN100843,Local Farm Co-op,,Food inventory,0.0,427.61,480146.26
2025-03-10,TXN100844,Utilities Co.,REF-8128dy,Utilities,265.75,0.0,479880.51
2025-03-10,TXN100845,PepsiCo,,Beverage restock,0.0,1233.4,481113.91
2025-03-10,TXN100846,Rent,,Monthly rent,0.0,508.89,481622.8
2025-03-11,TXN100847,Square,,Customer payment,0.0,751.3,482374.1
2025-03-11,TXN100848,PepsiCo,REF-3433bP,Beverage restock,27.05,0.0,482347.05
2025-03-11,TXN100849,Costco,,Online supplies,0.0,680.94,483027.99
2025-03-11,TXN100850,Costco,,Food inventory,0.0,1522.52,484550.51
2025-03-12,TXN100851,Payroll,,Payroll,0.0,1550.23,486100.74
2025-03-12,TXN100852,Costco,,Online supplies,0.0,625.49,486726.23
2025-03-12,TXN100853,Kitchen Depot,,Equipment purchase,0.0,1505.14,488231.37
2025-03-12,TXN100854,Rent,REF-1822ex,Monthly rent,168.32,0.0,488063.05
2025-03-13,TXN100855,Amazon,,Equipment purchase,466.05,0.0,487597.0
2025-03-13,TXN100856,Walmart,,Online supplies,214.45,0.0,487382.55
2025-03-14,TXN100857,US Foods,,Beverage restock,0.0,1516.27,488898.82
2025-03-14,TXN100858,Payroll,,Payroll,374.81,0.0,488524.01
2025-03-14,TXN100859,Costco,,Food inventory,0.0,1470.55,489994.56
2025-03-15,TXN100860,US Foods,,Beverage restock,0.0,758.23,490752.79
2025-03-15,TXN100861,Bakery Supply Co.,,Baking supplies,0.0,1490.8,492243.59
2025-03-15,TXN100862,Local Farm Co-op,,Food inventory,24.93,0.0,492218.66
2025-03-15,TXN100863,Sysco,,Beverage restock,0.0,1443.46,493662.12
2025-03-16,TXN100864,Costco,,Online supplies,0.0,880.06,494542.18
2025-03-16,TXN100865,Stripe,,POS sale,0.0,591.75,495133.93
2025-03-16,TXN100866,Coca-Cola,,Beverage restock,0.0,560.86,495694.79
2025-03-16,TXN100867,PepsiCo,,Beverage restock,0.0,326.37,496021.16
2025-03-17,TXN100868,US Foods,,Food inventory,455.35,0.0,495565.81
2025-03-18,TXN100869,Bakery Supply Co.,REF-0919Fd,Baking supplies,174.11,0.0,495391.7
2025-03-18,TXN100870,Utilities Co.,REF-5478Zl,Utilities,209.37,0.0,495182.33
2025-03-19,TXN100871,Local Butcher,,Food inventory,0.0,1501.6,496683.93
2025-03-19,TXN100872,Stripe,,POS sale,0.0,857.11,497541.04
2025-03-19,TXN100873,Chase Bank,,Service fee,0.0,1099.81,498640.85
2025-03-19,TXN100874,PepsiCo,,Beverage restock,0.0,1089.39,499730.24
2025-03-19,TXN100875,Costco,,Food inventory,0.0,663.93,500394.17
2025-03-20,TXN100876,Sysco,,Beverage restock,0.0,1522.18,501916.35
2025-03-20,TXN100877,Gordon Food Service,,Beverage restock,374.17,0.0,501542.18
2025-03-21,TXN100878,Chase Bank,,Service fee,0.0,1340.32,502882.5
2025-03-21,TXN100879,Local Farm Co-op,,Beverage restock,0.0,534.04,503416.54
2025-03-21,TXN100880,Gordon Food Service,REF-9028ae,Food inventory,456.64,0.0,502959.9
2025-03-21,TXN100881,Local Butcher,REF-6565Gx,Meat purchase,226.89,0.0,502733.01
2025-03-22,TXN100882,Coca-Cola,,Beverage restock,0.0,797.62,503530.63
2025-03-22,TXN100883,Payroll,,Payroll,38.03,0.0,503492.6
2025-03-22,TXN100884,Sysco,,Food inventory,0.0,471.93,503964.53
2025-03-23,TXN100885,Kitchen Depot,,Equipment purchase,130.46,0.0,503834.07
2025-03-23,TXN100886,Payroll,,Payroll,0.0,470.77,504304.84
2025-03-23,TXN100887,Gordon Food Service,REF-5296iK,Food inventory,436.04,0.0,503868.8
2025-03-24,TXN100888,Utilities Co.,,Utilities,320.88,0.0,503547.92
2025-03-25,TXN100889,Gordon Food Service,,Food inventory,0.0,440.16,503988.08
2025-03-25,TXN100890,Kitchen Depot,,Maintenance,0.0,735.77,504723.85
2025-03-25,TXN100891,Costco,,Food inventory,156.79,0.0,504567.06
2025-03-25,TXN100892,Utilities Co.,REF-7711sg,Utilities,493.36,0.0,504073.7
2025-03-26,TXN100893,Gordon Food Service,,Beverage restock,0.0,1578.21,505651.91
2025-03-26,TXN100894,Kitchen Depot,,Maintenance,110.19,0.0,505541.72
2025-03-26,TXN100895,Amazon,REF-2105zy,Equipment purchase,424.14,0.0,505117.58
2025-03-26,TXN100896,Stripe,,POS sale,0.0,699.56,505817.14
2025-03-26,TXN100897,Payroll,,Payroll,46.6,0.0,505770.54
2025-03-26,TXN100898,Sysco,,Beverage restock,0.0,586.04,506356.58
2025-03-28,TXN100899,Local Butcher,,Food inventory,0.0,691.49,507048.07
2025-03-28,TXN100900,Chase Bank,,Banking fee,0.0,949.14,507997.21
2025-03-29,TXN100901,Sysco,,Beverage restock,403.27,0.0,507593.94
2025-03-29,TXN100902,Local Farm Co-op,,Food inventory,213.86,0.0,507380.08
2025-03-30,TXN100903,Rent,,Monthly rent,174.68,0.0,507205.4
2025-03-30,TXN100904,Gordon Food Service,,Food inventory,0.0,482.3,507687.7
2025-03-30,TXN100905,Walmart,,Food inventory,0.0,955.33,508643.03
2025-03-30,TXN100906,Local Farm Co-op,,Food inventory,0.0,814.89,509457.92
2025-03-31,TXN100907,US Foods,,Beverage restock,0.0,710.06,510167.98
2025-03-31,TXN100908,Chase Bank,REF-4327ws,Service fee,274.66,0.0,509893.32
2025-03-31,TXN100909,Costco,,Online supplies,0.0,551.77,510445.09
2025-03-31,TXN100910,Amazon,,Online supplies,0.0,1210.42,511655.51
2025-03-31,TXN100911,Bakery Supply Co.,,Baking supplies,0.0,1387.9,513043.41
2025-03-31,TXN100912,Bakery Supply Co.,REF-2620aX,Baking supplies,485.7,0.0,512557.71
2025-03-31,TXN100913,Rent,,Monthly rent,0.0,1041.37,513599.08
2025-04-01,TXN100914,Chase Bank,,Banking fee,377.6,0.0,513221.48
2025-04-01,TXN100915,Walmart,,Online supplies,181.77,0.0,513039.71
2025-04-01,TXN100916,Square,,POS sale,0.0,986.02,514025.73
2025-04-01,TXN100917,Rent,,Monthly rent,0.0,1507.03,515532.76
2025-04-01,TXN100918,Sysco,,Food inventory,0.0,676.89,516209.65
2025-04-01,TXN100919,Gordon Food Service,,Beverage restock,0.0,348.4,516558.05
2025-04-02,TXN100920,Walmart,,Online supplies,273.47,0.0,516284.58
2025-04-03,TXN100921,Amazon,,Online supplies,497.7,0.0,515786.88
2025-04-03,TXN100922,Coca-Cola,,Beverage restock,0.0,1452.52,517239.4
2025-04-03,TXN100923,Local Butcher,,Meat purchase,0.0,933.22,518172.62
2025-04-05,TXN100924,Sysco,REF-2516Uu,Beverage restock,256.95,0.0,517915.67
2025-04-05,TXN100925,Walmart,,Online supplies,0.0,1466.36,519382.03
2025-04-05,TXN100926,Sysco,,Beverage restock,0.0,439.75,519821.78
2025-04-06,TXN100927,Sysco,,Food inventory,0.0,1426.98,521248.76
2025-04-06,TXN100928,Chase Bank,REF-1225gN,Service fee,436.87,0.0,520811.89
2025-04-06,TXN100929,Rent,,Monthly rent,0.0,1209.0,522020.89
2025-04-07,TXN100930,Sysco,REF-0385wp,Food inventory,247.8,0.0,521773.09
2025-04-07,TXN100931,Payroll,,Payroll,0.0,775.24,522548.33
2025-04-07,TXN100932,Bakery Supply Co.,,Food inventory,0.0,1245.68,523794.01
2025-04-08,TXN100933,Kitchen Depot,,Equipment purchase,93.11,0.0,523700.9
2025-04-08,TXN100934,Payroll,,Payroll,0.0,867.93,524568.83
2025-04-08,TXN100935,Stripe,,Customer payment,0.0,1324.27,525893.1
2025-04-09,TXN100936,Sysco,,Food inventory,0.0,918.81,526811.91
2025-04-09,TXN100937,Stripe,,Customer payment,0.0,726.64,527538.55
2025-04-10,TXN100938,Bakery Supply Co.,,Food inventory,0.0,906.97,528445.52
2025-04-11,TXN100939,Square,,POS sale,0.0,1469.37,529914.89
2025-04-11,TXN100940,Utilities Co.,,Utilities,0.0,509.99,530424.88
2025-04-11,TXN100941,PepsiCo,REF-7214Bg,Beverage restock,169.57,0.0,530255.31
2025-04-11,TXN100942,US Foods,,Beverage restock,188.4,0.0,530066.91
2025-04-12,TXN100943,Chase Bank,REF-5896ld,Banking fee,169.66,0.0,529897.25
2025-04-12,TXN100944,Local Farm Co-op,,Beverage restock,0.0,1575.1,531472.35
2025-04-13,TXN100945,Costco,,Food inventory,379.77,0.0,531092.58
2025-04-13,TXN100946,Bakery Supply Co.,,Baking supplies,0.0,358.32,531450.9
2025-04-14,TXN100947,Chase Bank,,Banking fee,330.33,0.0,531120.57
2025-04-14,TXN100948,Walmart,REF-9717bk,Online supplies,119.81,0.0,531000.76
2025-04-14,TXN100949,Bakery Supply Co.,,Baking supplies,340.93,0.0,530659.83
2025-04-15,TXN100950,PepsiCo,,Beverage restock,138.29,0.0,530521.54
2025-04-15,TXN100951,Stripe,,Customer payment,0.0,1321.51,531843.05
2025-04-16,TXN100952,Walmart,,Food inventory,0.0,725.24,532568.29
2025-04-16,TXN100953,PepsiCo,,Beverage restock,0.0,1246.85,533815.14
2025-04-16,TXN100954,US Foods,,Food inventory,413.13,0.0,533402.01
2025-04-16,TXN100955,Coca-Cola,,Beverage restock,0.0,1573.81,534975.82
2025-04-16,TXN100956,Local Farm Co-op,,Beverage restock,0.0,1230.2,536206.02
2025-04-17,TXN100957,Local Farm Co-op,,Food inventory,0.0,584.38,536790.4
2025-04-17,TXN100958,Kitchen Depot,,Maintenance,420.79,0.0,536369.61
2025-04-17,TXN100959,Bakery Supply Co.,,Food inventory,0.0,1239.68,537609.29
2025-04-18,TXN100960,Sysco,REF-0638Si,Beverage restock,200.19,0.0,537409.1
2025-04-18,TXN100961,Rent,,Monthly rent,420.64,0.0,536988.46
2025-04-18,TXN100962,US Foods,,Beverage restock,0.0,1471.56,538460.02
2025-04-19,TXN100963,Walmart,,Online supplies,0.0,1295.54,539755.56
2025-04-19,TXN100964,Local Farm Co-op,,Food inventory,318.45,0.0,539437.11
2025-04-20,TXN100965,Utilities Co.,,Utilities,126.07,0.0,539311.04
2025-04-20,TXN100966,Chase Bank,,Service fee,0.0,952.09,540263.13
2025-04-21,TXN100967,Chase Bank,,Banking fee,86.66,0.0,540176.47
2025-04-21,TXN100968,Coca-Cola,,Beverage restock,0.0,947.98,541124.45
2025-04-22,TXN100969,Sysco,,Beverage restock,0.0,677.64,541802.09
2025-04-22,TXN100970,Costco,,Food inventory,0.0,752.15,542554.24
2025-04-22,TXN100971,Kitchen Depot,,Maintenance,350.04,0.0,542204.2
2025-04-23,TXN100972,Costco,,Food inventory,0.0,900.92,543105.12
2025-04-23,TXN100973,Bakery Supply Co.,,Food inventory,145.78,0.0,542959.34
2025-04-23,TXN100974,Rent,,Monthly rent,431.77,0.0,542527.57
2025-04-23,TXN100975,Stripe,,POS sale,0.0,460.65,542988.22
2025-04-23,TXN100976,Local Butcher,REF-7780yb,Food inventory,85.9,0.0,542902.32
2025-04-23,TXN100977,PepsiCo,REF-9043Id,Beverage restock,46.22,0.0,542856.1
2025-04-24,TXN100978,Coca-Cola,,Beverage restock,0.0,1495.92,544352.02
2025-04-24,TXN100979,Coca-Cola,,Beverage restock,318.24,0.0,544033.78
2025-04-24,TXN100980,Stripe,,Customer payment,0.0,736.43,544770.21
2025-04-24,TXN100981,Utilities Co.,,Utilities,0.0,831.93,545602.14
2025-04-24,TXN100982,Square,,Customer payment,0.0,1207.15,546809.29
2025-04-24,TXN100983,Local Farm Co-op,REF-6730mP,Food inventory,68.07,0.0,546741.22
2025-04-24,TXN100984,Utilities Co.,,Utilities,22.87,0.0,546718.35
2025-04-24,TXN100985,Payroll,,Payroll,202.46,0.0,546515.89
2025-04-25,TXN100986,Gordon Food Service,,Beverage restock,275.27,0.0,546240.62
2025-04-25,TXN100987,Utilities Co.,REF-2707hv,Utilities,348.46,0.0,545892.16
2025-04-25,TXN100988,Amazon,,Online supplies,0.0,349.28,546241.44
2025-04-25,TXN100989,Bakery Supply Co.,,Baking supplies,0.0,631.38,546872.82
2025-04-25,TXN100990,Costco,,Food inventory,0.0,1163.86,548036.68
2025-04-26,TXN100991,Square,,Customer payment,0.0,648.02,548684.7
2025-04-26,TXN100992,Coca-Cola,,Beverage restock,457.71,0.0,548226.99
2025-04-26,TXN100993,Coca-Cola,,Beverage restock,0.0,1114.53,549341.52
2025-04-26,TXN100994,Chase Bank,,Service fee,0.0,831.45,550172.97
2025-04-27,TXN100995,Payroll,,Payroll,0.0,1455.13,551628.1
2025-04-27,TXN100996,Local Farm Co-op,REF-6047FH,Beverage restock,218.8,0.0,551409.3
2025-04-27,TXN100997,Chase Bank,,Banking fee,0.0,459.08,551868.38
2025-04-28,TXN100998,Amazon,,Online supplies,0.0,1578.45,553446.83
2025-04-29,TXN100999,Stripe,,Customer payment,0.0,653.17,554100.0
2025-04-29,TXN101000,Utilities Co.,,Utilities,247.09,0.0,553852.91
2025-04-30,TXN101001,Bakery Supply Co.,,Baking supplies,80.27,0.0,553772.64
2025-04-30,TXN101002,Chase Bank,,Banking fee,0.0,1091.91,554864.55
2025-04-30,TXN101003,Coca-Cola,,Beverage restock,0.0,761.46,555626.01
2025-05-01,TXN101004,Kitchen Depot,,Maintenance,0.0,1536.63,557162.64
2025-05-01,TXN101005,Amazon,,Online supplies,0.0,1179.52,558342.16
2025-05-01,TXN101006,Local Butcher,REF-0024bp,Meat purchase,185.0,0.0,558157.16
2025-05-02,TXN101007,Square,,POS sale,0.0,1098.85,559256.01
2025-05-02,TXN101008,Coca-Cola,,Beverage restock,0.0,1177.07,560433.08
2025-05-02,TXN101009,Rent,,Monthly rent,0.0,423.1,560856.18
2025-05-02,TXN101010,Utilities Co.,REF-0981jz,Utilities,315.3,0.0,560540.88
2025-05-02,TXN101011,Amazon,,Online supplies,0.0,1071.88,561612.76
2025-05-03,TXN101012,Gordon Food Service,REF-0061UE,Food inventory,411.83,0.0,561200.93
2025-05-03,TXN101013,Utilities Co.,,Utilities,0.0,304.62,561505.55
2025-05-04,TXN101014,Coca-Cola,,Beverage restock,0.0,1517.16,563022.71
2025-05-04,TXN101015,Local Farm Co-op,,Food inventory,0.0,1158.1,564180.81
2025-05-04,TXN101016,US Foods,REF-7234cO,Beverage restock,440.16,0.0,563740.65
2025-05-05,TXN101017,Amazon,,Online supplies,0.0,606.84,564347.49
2025-05-06,TXN101018,US Foods,,Food inventory,0.0,632.93,564980.42
2025-05-06,TXN101019,Square,,POS sale,0.0,544.61,565525.03
2025-05-06,TXN101020,Payroll,,Payroll,0.0,756.72,566281.75
2025-05-06,TXN101021,Utilities Co.,,Utilities,0.0,405.7,566687.45
2025-05-06,TXN101022,Kitchen Depot,,Maintenance,0.0,462.17,567149.62
2025-05-06,TXN101023,Kitchen Depot,REF-5715bQ,Equipment purchase,103.18,0.0,567046.44
2025-05-06,TXN101024,Stripe,,POS sale,0.0,1137.47,568183.91
2025-05-07,TXN101025,Utilities Co.,,Utilities,0.0,445.75,568629.66
2025-05-07,TXN101026,US Foods,,Food inventory,0.0,903.04,569532.7
2025-05-08,TXN101027,PepsiCo,REF-2163xF,Beverage restock,398.35,0.0,569134.35
2025-05-08,TXN101028,Coca-Cola,,Beverage restock,0.0,1598.37,570732.72
2025-05-08,TXN101029,Payroll,,Payroll,0.0,1012.38,571745.1
2025-05-08,TXN101030,Rent,REF-3383vQ,Monthly rent,312.3,0.0,571432.8
2025-05-09,TXN101031,Square,,Customer payment,0.0,670.1,572102.9
2025-05-10,TXN101032,Costco,,Food inventory,0.0,606.26,572709.16
2025-05-10,TXN101033,Walmart,,Online supplies,0.0,1159.54,573868.7
2025-05-10,TXN101034,Coca-Cola,,Beverage restock,0.0,455.42,574324.12
2025-05-11,TXN101035,Rent,,Monthly rent,189.31,0.0,574134.81
2025-05-11,TXN101036,Sysco,,Food inventory,0.0,735.4,574870.21
2025-05-11,TXN101037,PepsiCo,REF-1633pf,Beverage restock,414.79,0.0,574455.42
2025-05-12,TXN101038,PepsiCo,,Beverage restock,0.0,451.25,574906.67
2025-05-12,TXN101039,Bakery Supply Co.,,Baking supplies,0.0,1598.66,576505.33
2025-05-12,TXN101040,Gordon Food Service,,Food inventory,0.0,542.08,577047.41
2025-05-13,TXN101041,Walmart,,Food inventory,0.0,1504.73,578552.14
2025-05-13,TXN101042,Costco,,Online supplies,0.0,1272.26,579824.4
2025-05-13,TXN101043,Costco,REF-6813wl,Online supplies,126.88,0.0,579697.52
2025-05-14,TXN101044,Walmart,,Food inventory,0.0,841.4,580538.92
2025-05-14,TXN101045,Gordon Food Service,,Food inventory,0.0,1138.31,581677.23
2025-05-14,TXN101046,US Foods,,Beverage restock,0.0,434.24,582111.47
2025-05-14,TXN101047,Gordon Food Service,,Food inventory,0.0,325.52,582436.99
2025-05-15,TXN101048,Payroll,,Payroll,0.0,1530.63,583967.62
2025-05-15,TXN101049,Payroll,,Payroll,42.51,0.0,583925.11
2025-05-15,TXN101050,Utilities Co.,REF-5043um,Utilities,327.27,0.0,583597.84
2025-05-15,TXN101051,Local Butcher,,Meat purchase,0.0,1392.59,584990.43
2025-05-15,TXN101052,Chase Bank,,Banking fee,0.0,1134.42,586124.85
2025-05-16,TXN101053,Utilities Co.,,Utilities,0.0,1032.86,587157.71
2025-05-17,TXN101054,Bakery Supply Co.,,Baking supplies,0.0,978.79,588136.5
2025-05-17,TXN101055,Sysco,,Beverage restock,0.0,522.74,588659.24
2025-05-17,TXN101056,Walmart,,Online supplies,0.0,1442.91,590102.15
2025-05-17,TXN101057,Coca-Cola,,Beverage restock,0.0,1131.06,591233.21
2025-05-17,TXN101058,Walmart,REF-9300HX,Online supplies,340.6,0.0,590892.61
2025-05-18,TXN101059,Chase Bank,,Banking fee,0.0,874.86,591767.47
2025-05-18,TXN101060,Local Farm Co-op,,Beverage restock,0.0,827.17,592594.64
2025-05-18,TXN101061,Sysco,,Beverage restock,0.0,566.22,593160.86
2025-05-18,TXN101062,Kitchen Depot,REF-9491Gd,Maintenance,487.93,0.0,592672.93
2025-05-18,TXN101063,Kitchen Depot,,Maintenance,0.0,482.42,593155.35
2025-05-19,TXN101064,Local Farm Co-op,,Food inventory,0.0,1020.81,594176.16
2025-05-20,TXN101065,Kitchen Depot,,Equipment purchase,0.0,1088.49,595264.65
2025-05-20,TXN101066,Payroll,,Payroll,0.0,771.38,596036.03
2025-05-20,TXN101067,Local Butcher,,Meat purchase,0.0,615.99,596652.02
2025-05-21,TXN101068,Amazon,,Online supplies,0.0,1461.24,598113.26
2025-05-21,TXN101069,Bakery Supply Co.,,Food inventory,0.0,1213.18,599326.44
2025-05-21,TXN101070,Costco,REF-5417TX,Food inventory,379.8,0.0,598946.64
2025-05-22,TXN101071,Local Farm Co-op,,Beverage restock,0.0,1225.28,600171.92
2025-05-23,TXN101072,Walmart,,Food inventory,0.0,592.68,600764.6
2025-05-24,TXN101073,Gordon Food Service,,Food inventory,0.0,998.54,601763.14
2025-05-24,TXN101074,Sysco,,Food inventory,401.96,0.0,601361.18
2025-05-25,TXN101075,Square,,Customer payment,0.0,966.41,602327.59
2025-05-25,TXN101076,Square,,POS sale,0.0,1582.96,603910.55
2025-05-25,TXN101077,PepsiCo,,Beverage restock,213.05,0.0,603697.5
2025-05-25,TXN101078,Local Farm Co-op,REF-2920LA,Food inventory,304.63,0.0,603392.87
2025-05-25,TXN101079,Coca-Cola,,Beverage restock,0.0,760.93,604153.8
2025-05-26,TXN101080,Bakery Supply Co.,,Food inventory,20.34,0.0,604133.46
2025-05-26,TXN101081,Coca-Cola,,Beverage restock,0.0,348.52,604481.98
2025-05-26,TXN101082,Gordon Food Service,,Beverage restock,0.0,1134.44,605616.42
2025-05-27,TXN101083,Payroll,,Payroll,0.0,856.83,606473.25
2025-05-28,TXN101084,Local Farm Co-op,,Beverage restock,221.18,0.0,606252.07
2025-05-28,TXN101085,Bakery Supply Co.,,Food inventory,0.0,1422.95,607675.02
2025-05-28,TXN101086,Utilities Co.,REF-1243Yi,Utilities,62.73,0.0,607612.29
2025-05-29,TXN101087,Sysco,,Food inventory,0.0,1080.39,608692.68
2025-05-29,TXN101088,Local Butcher,,Food inventory,0.0,1329.67,610022.35
2025-05-30,TXN101089,Costco,,Online supplies,0.0,1405.2,611427.55
2025-05-30,TXN101090,Local Farm Co-op,,Beverage restock,475.69,0.0,610951.86
2025-05-30,TXN101091,PepsiCo,REF-7693GQ,Beverage restock,169.05,0.0,610782.81
2025-05-30,TXN101092,Payroll,REF-2823Bw,Payroll,28.48,0.0,610754.33
2025-05-31,TXN101093,Coca-Cola,REF-7789yQ,Beverage restock,418.52,0.0,610335.81
2025-05-31,TXN101094,Stripe,,POS sale,0.0,1375.79,611711.6
